crossfold_id	clipping	optimizer	lexicon_trainable	early_stop_queue	keep_prob	auto_restore	batch_size	run_description	epochs	train_data_path	leaf_fc_size	sim_measure	extensions	dev_file_index	data_single	root_fc_size	state_size	learning_rate	tree_embedder	score_pearson	score_mse				
0	5	AdamOptimizer	FALSE	25	0.8	FALSE	100	restoreFALSE_batchs100_clip5.0_singleFALSE_testfilei0_ext_keepprob0.8_leaffc370_learningr0.003_lextrainFALSE_optADAMOPTIMIZER_rootfc0_smSIMCOSINE_state0_dataPROCESSSENTENCE3BLANKEDNEWSICKCMAGGREGATEONEHOTDEP_teTREEEMBEDDINGFLATAVG2LEVELS/0	1000000	/media/arne/WIN/ML/data/corpora/SICK/process_sentence3_blanked_new/SICK_cmAGGREGATE_onehotdep	370	sim_cosine		0	FALSE	0	0	0.003	TreeEmbedding_FLAT_AVG_2levels	0.839656	0.0285577				
0	5	AdamOptimizer	FALSE	25	0.8	FALSE	100	restoreFALSE_batchs100_clip5.0_singleFALSE_testfilei0_ext_keepprob0.8_leaffc326_learningr0.003_lextrainFALSE_optADAMOPTIMIZER_rootfc0_smSIMCOSINE_state0_dataPROCESSSENTENCE3NEWSICKCMAGGREGATEONEHOTDEP_teTREEEMBEDDINGFLATAVG2LEVELS/0	1000000	/media/arne/WIN/ML/data/corpora/SICK/process_sentence3_new/SICK_cmAGGREGATE_onehotdep	326	sim_cosine		0	FALSE	0	0	0.003	TreeEmbedding_FLAT_AVG_2levels	0.842555	0.0269271				
0	5	AdamOptimizer	FALSE	25	0.8	FALSE	100	restoreFALSE_batchs100_clip5.0_singleFALSE_testfilei0_ext_keepprob0.8_leaffc0_learningr0.003_lextrainFALSE_optADAMOPTIMIZER_rootfc0_smSIMCOSINE_state74_dataPROCESSSENTENCE3BLANKEDNEWSICKCMAGGREGATEONEHOTDEP_teTREEEMBEDDINGFLATLSTM2LEVELS/0	1000000	/media/arne/WIN/ML/data/corpora/SICK/process_sentence3_blanked_new/SICK_cmAGGREGATE_onehotdep	0	sim_cosine		0	FALSE	0	74	0.003	TreeEmbedding_FLAT_LSTM_2levels	0.837874	0.0207109				
0	5	AdamOptimizer	FALSE	25	0.8	FALSE	100	restoreFALSE_batchs100_clip5.0_singleFALSE_testfilei0_ext_keepprob0.8_leaffc0_learningr0.003_lextrainFALSE_optADAMOPTIMIZER_rootfc0_smSIMCOSINE_state68_dataPROCESSSENTENCE3NEWSICKCMAGGREGATEONEHOTDEP_teTREEEMBEDDINGFLATLSTM2LEVELS/0	1000000	/media/arne/WIN/ML/data/corpora/SICK/process_sentence3_new/SICK_cmAGGREGATE_onehotdep	0	sim_cosine		0	FALSE	0	68	0.003	TreeEmbedding_FLAT_LSTM_2levels	0.839254	0.0201697				
0	5	AdamOptimizer	FALSE	25	0.8	FALSE	100	restoreFALSE_batchs100_clip5.0_singleFALSE_testfilei1_ext_keepprob0.8_leaffc370_learningr0.003_lextrainFALSE_optADAMOPTIMIZER_rootfc0_smSIMCOSINE_state0_dataPROCESSSENTENCE3BLANKEDNEWSICKCMAGGREGATEONEHOTDEP_teTREEEMBEDDINGFLATAVG2LEVELS/0	1000000	/media/arne/WIN/ML/data/corpora/SICK/process_sentence3_blanked_new/SICK_cmAGGREGATE_onehotdep	370	sim_cosine		1	FALSE	0	0	0.003	TreeEmbedding_FLAT_AVG_2levels	0.835462	0.0296433				
0	5	AdamOptimizer	FALSE	25	0.8	FALSE	100	restoreFALSE_batchs100_clip5.0_singleFALSE_testfilei1_ext_keepprob0.8_leaffc326_learningr0.003_lextrainFALSE_optADAMOPTIMIZER_rootfc0_smSIMCOSINE_state0_dataPROCESSSENTENCE3NEWSICKCMAGGREGATEONEHOTDEP_teTREEEMBEDDINGFLATAVG2LEVELS/0	1000000	/media/arne/WIN/ML/data/corpora/SICK/process_sentence3_new/SICK_cmAGGREGATE_onehotdep	326	sim_cosine		1	FALSE	0	0	0.003	TreeEmbedding_FLAT_AVG_2levels	0.838937	0.0276995				
0	5	AdamOptimizer	FALSE	25	0.8	FALSE	100	restoreFALSE_batchs100_clip5.0_singleFALSE_testfilei1_ext_keepprob0.8_leaffc0_learningr0.003_lextrainFALSE_optADAMOPTIMIZER_rootfc0_smSIMCOSINE_state74_dataPROCESSSENTENCE3BLANKEDNEWSICKCMAGGREGATEONEHOTDEP_teTREEEMBEDDINGFLATLSTM2LEVELS/0	1000000	/media/arne/WIN/ML/data/corpora/SICK/process_sentence3_blanked_new/SICK_cmAGGREGATE_onehotdep	0	sim_cosine		1	FALSE	0	74	0.003	TreeEmbedding_FLAT_LSTM_2levels	0.833905	0.0213388				
0	5	AdamOptimizer	FALSE	25	0.8	FALSE	100	restoreFALSE_batchs100_clip5.0_singleFALSE_testfilei1_ext_keepprob0.8_leaffc0_learningr0.003_lextrainFALSE_optADAMOPTIMIZER_rootfc0_smSIMCOSINE_state68_dataPROCESSSENTENCE3NEWSICKCMAGGREGATEONEHOTDEP_teTREEEMBEDDINGFLATLSTM2LEVELS/0	1000000	/media/arne/WIN/ML/data/corpora/SICK/process_sentence3_new/SICK_cmAGGREGATE_onehotdep	0	sim_cosine		1	FALSE	0	68	0.003	TreeEmbedding_FLAT_LSTM_2levels	0.83931	0.0204029				
0	5	AdamOptimizer	FALSE	25	0.8	FALSE	100	restoreFALSE_batchs100_clip5.0_singleFALSE_testfilei2_ext_keepprob0.8_leaffc370_learningr0.003_lextrainFALSE_optADAMOPTIMIZER_rootfc0_smSIMCOSINE_state0_dataPROCESSSENTENCE3BLANKEDNEWSICKCMAGGREGATEONEHOTDEP_teTREEEMBEDDINGFLATAVG2LEVELS/0	1000000	/media/arne/WIN/ML/data/corpora/SICK/process_sentence3_blanked_new/SICK_cmAGGREGATE_onehotdep	370	sim_cosine		2	FALSE	0	0	0.003	TreeEmbedding_FLAT_AVG_2levels	0.839617	0.0276909				
0	5	AdamOptimizer	FALSE	25	0.8	FALSE	100	restoreFALSE_batchs100_clip5.0_singleFALSE_testfilei2_ext_keepprob0.8_leaffc326_learningr0.003_lextrainFALSE_optADAMOPTIMIZER_rootfc0_smSIMCOSINE_state0_dataPROCESSSENTENCE3NEWSICKCMAGGREGATEONEHOTDEP_teTREEEMBEDDINGFLATAVG2LEVELS/0	1000000	/media/arne/WIN/ML/data/corpora/SICK/process_sentence3_new/SICK_cmAGGREGATE_onehotdep	326	sim_cosine		2	FALSE	0	0	0.003	TreeEmbedding_FLAT_AVG_2levels	0.841049	0.0302186				
0	5	AdamOptimizer	FALSE	25	0.8	FALSE	100	restoreFALSE_batchs100_clip5.0_singleFALSE_testfilei2_ext_keepprob0.8_leaffc0_learningr0.003_lextrainFALSE_optADAMOPTIMIZER_rootfc0_smSIMCOSINE_state74_dataPROCESSSENTENCE3BLANKEDNEWSICKCMAGGREGATEONEHOTDEP_teTREEEMBEDDINGFLATLSTM2LEVELS/0	1000000	/media/arne/WIN/ML/data/corpora/SICK/process_sentence3_blanked_new/SICK_cmAGGREGATE_onehotdep	0	sim_cosine		2	FALSE	0	74	0.003	TreeEmbedding_FLAT_LSTM_2levels	0.841443	0.0198706				
0	5	AdamOptimizer	FALSE	25	0.8	FALSE	100	restoreFALSE_batchs100_clip5.0_singleFALSE_testfilei2_ext_keepprob0.8_leaffc0_learningr0.003_lextrainFALSE_optADAMOPTIMIZER_rootfc0_smSIMCOSINE_state68_dataPROCESSSENTENCE3NEWSICKCMAGGREGATEONEHOTDEP_teTREEEMBEDDINGFLATLSTM2LEVELS/0	1000000	/media/arne/WIN/ML/data/corpora/SICK/process_sentence3_new/SICK_cmAGGREGATE_onehotdep	0	sim_cosine		2	FALSE	0	68	0.003	TreeEmbedding_FLAT_LSTM_2levels	0.839911	0.0207793				
0	5	AdamOptimizer	FALSE	25	0.8	FALSE	100	restoreFALSE_batchs100_clip5.0_singleFALSE_testfilei3_ext_keepprob0.8_leaffc370_learningr0.003_lextrainFALSE_optADAMOPTIMIZER_rootfc0_smSIMCOSINE_state0_dataPROCESSSENTENCE3BLANKEDNEWSICKCMAGGREGATEONEHOTDEP_teTREEEMBEDDINGFLATAVG2LEVELS/0	1000000	/media/arne/WIN/ML/data/corpora/SICK/process_sentence3_blanked_new/SICK_cmAGGREGATE_onehotdep	370	sim_cosine		3	FALSE	0	0	0.003	TreeEmbedding_FLAT_AVG_2levels	0.838713	0.0276941				
0	5	AdamOptimizer	FALSE	25	0.8	FALSE	100	restoreFALSE_batchs100_clip5.0_singleFALSE_testfilei3_ext_keepprob0.8_leaffc326_learningr0.003_lextrainFALSE_optADAMOPTIMIZER_rootfc0_smSIMCOSINE_state0_dataPROCESSSENTENCE3NEWSICKCMAGGREGATEONEHOTDEP_teTREEEMBEDDINGFLATAVG2LEVELS/0	1000000	/media/arne/WIN/ML/data/corpora/SICK/process_sentence3_new/SICK_cmAGGREGATE_onehotdep	326	sim_cosine		3	FALSE	0	0	0.003	TreeEmbedding_FLAT_AVG_2levels	0.838686	0.0277401				
0	5	AdamOptimizer	FALSE	25	0.8	FALSE	100	restoreFALSE_batchs100_clip5.0_singleFALSE_testfilei3_ext_keepprob0.8_leaffc0_learningr0.003_lextrainFALSE_optADAMOPTIMIZER_rootfc0_smSIMCOSINE_state74_dataPROCESSSENTENCE3BLANKEDNEWSICKCMAGGREGATEONEHOTDEP_teTREEEMBEDDINGFLATLSTM2LEVELS/0	1000000	/media/arne/WIN/ML/data/corpora/SICK/process_sentence3_blanked_new/SICK_cmAGGREGATE_onehotdep	0	sim_cosine		3	FALSE	0	74	0.003	TreeEmbedding_FLAT_LSTM_2levels	0.839012	0.0202456				
0	5	AdamOptimizer	FALSE	25	0.8	FALSE	100	restoreFALSE_batchs100_clip5.0_singleFALSE_testfilei3_ext_keepprob0.8_leaffc0_learningr0.003_lextrainFALSE_optADAMOPTIMIZER_rootfc0_smSIMCOSINE_state68_dataPROCESSSENTENCE3NEWSICKCMAGGREGATEONEHOTDEP_teTREEEMBEDDINGFLATLSTM2LEVELS/0	1000000	/media/arne/WIN/ML/data/corpora/SICK/process_sentence3_new/SICK_cmAGGREGATE_onehotdep	0	sim_cosine		3	FALSE	0	68	0.003	TreeEmbedding_FLAT_LSTM_2levels	0.831241	0.021798				
0	5	AdamOptimizer	FALSE	25	0.8	FALSE	100	restoreFALSE_batchs100_clip5.0_singleFALSE_testfilei4_ext_keepprob0.8_leaffc370_learningr0.003_lextrainFALSE_optADAMOPTIMIZER_rootfc0_smSIMCOSINE_state0_dataPROCESSSENTENCE3BLANKEDNEWSICKCMAGGREGATEONEHOTDEP_teTREEEMBEDDINGFLATAVG2LEVELS/0	1000000	/media/arne/WIN/ML/data/corpora/SICK/process_sentence3_blanked_new/SICK_cmAGGREGATE_onehotdep	370	sim_cosine		4	FALSE	0	0	0.003	TreeEmbedding_FLAT_AVG_2levels	0.836514	0.0278697				
0	5	AdamOptimizer	FALSE	25	0.8	FALSE	100	restoreFALSE_batchs100_clip5.0_singleFALSE_testfilei4_ext_keepprob0.8_leaffc326_learningr0.003_lextrainFALSE_optADAMOPTIMIZER_rootfc0_smSIMCOSINE_state0_dataPROCESSSENTENCE3NEWSICKCMAGGREGATEONEHOTDEP_teTREEEMBEDDINGFLATAVG2LEVELS/0	1000000	/media/arne/WIN/ML/data/corpora/SICK/process_sentence3_new/SICK_cmAGGREGATE_onehotdep	326	sim_cosine		4	FALSE	0	0	0.003	TreeEmbedding_FLAT_AVG_2levels	0.837399	0.0260836				
0	5	AdamOptimizer	FALSE	25	0.8	FALSE	100	restoreFALSE_batchs100_clip5.0_singleFALSE_testfilei4_ext_keepprob0.8_leaffc0_learningr0.003_lextrainFALSE_optADAMOPTIMIZER_rootfc0_smSIMCOSINE_state74_dataPROCESSSENTENCE3BLANKEDNEWSICKCMAGGREGATEONEHOTDEP_teTREEEMBEDDINGFLATLSTM2LEVELS/0	1000000	/media/arne/WIN/ML/data/corpora/SICK/process_sentence3_blanked_new/SICK_cmAGGREGATE_onehotdep	0	sim_cosine		4	FALSE	0	74	0.003	TreeEmbedding_FLAT_LSTM_2levels	0.834535	0.0205661				
0	5	AdamOptimizer	FALSE	25	0.8	FALSE	100	restoreFALSE_batchs100_clip5.0_singleFALSE_testfilei4_ext_keepprob0.8_leaffc0_learningr0.003_lextrainFALSE_optADAMOPTIMIZER_rootfc0_smSIMCOSINE_state68_dataPROCESSSENTENCE3NEWSICKCMAGGREGATEONEHOTDEP_teTREEEMBEDDINGFLATLSTM2LEVELS/0	1000000	/media/arne/WIN/ML/data/corpora/SICK/process_sentence3_new/SICK_cmAGGREGATE_onehotdep	0	sim_cosine		4	FALSE	0	68	0.003	TreeEmbedding_FLAT_LSTM_2levels	0.83696	0.0206354				
1	5	AdamOptimizer	FALSE	25	0.8	FALSE	100	restoreFALSE_batchs100_clip5.0_singleFALSE_testfilei0_ext_keepprob0.8_leaffc370_learningr0.003_lextrainFALSE_optADAMOPTIMIZER_rootfc0_smSIMCOSINE_state0_dataPROCESSSENTENCE3BLANKEDNEWSICKCMAGGREGATEONEHOTDEP_teTREEEMBEDDINGFLATAVG2LEVELS/1	1000000	/media/arne/WIN/ML/data/corpora/SICK/process_sentence3_blanked_new/SICK_cmAGGREGATE_onehotdep	370	sim_cosine		0	FALSE	0	0	0.003	TreeEmbedding_FLAT_AVG_2levels	0.839518	0.0278413				
1	5	AdamOptimizer	FALSE	25	0.8	FALSE	100	restoreFALSE_batchs100_clip5.0_singleFALSE_testfilei0_ext_keepprob0.8_leaffc326_learningr0.003_lextrainFALSE_optADAMOPTIMIZER_rootfc0_smSIMCOSINE_state0_dataPROCESSSENTENCE3NEWSICKCMAGGREGATEONEHOTDEP_teTREEEMBEDDINGFLATAVG2LEVELS/1	1000000	/media/arne/WIN/ML/data/corpora/SICK/process_sentence3_new/SICK_cmAGGREGATE_onehotdep	326	sim_cosine		0	FALSE	0	0	0.003	TreeEmbedding_FLAT_AVG_2levels	0.840277	0.0265366				
1	5	AdamOptimizer	FALSE	25	0.8	FALSE	100	restoreFALSE_batchs100_clip5.0_singleFALSE_testfilei0_ext_keepprob0.8_leaffc0_learningr0.003_lextrainFALSE_optADAMOPTIMIZER_rootfc0_smSIMCOSINE_state74_dataPROCESSSENTENCE3BLANKEDNEWSICKCMAGGREGATEONEHOTDEP_teTREEEMBEDDINGFLATLSTM2LEVELS/1	1000000	/media/arne/WIN/ML/data/corpora/SICK/process_sentence3_blanked_new/SICK_cmAGGREGATE_onehotdep	0	sim_cosine		0	FALSE	0	74	0.003	TreeEmbedding_FLAT_LSTM_2levels	0.838581	0.0204443				
1	5	AdamOptimizer	FALSE	25	0.8	FALSE	100	restoreFALSE_batchs100_clip5.0_singleFALSE_testfilei0_ext_keepprob0.8_leaffc0_learningr0.003_lextrainFALSE_optADAMOPTIMIZER_rootfc0_smSIMCOSINE_state68_dataPROCESSSENTENCE3NEWSICKCMAGGREGATEONEHOTDEP_teTREEEMBEDDINGFLATLSTM2LEVELS/1	1000000	/media/arne/WIN/ML/data/corpora/SICK/process_sentence3_new/SICK_cmAGGREGATE_onehotdep	0	sim_cosine		0	FALSE	0	68	0.003	TreeEmbedding_FLAT_LSTM_2levels	0.833624	0.0208064				
1	5	AdamOptimizer	FALSE	25	0.8	FALSE	100	restoreFALSE_batchs100_clip5.0_singleFALSE_testfilei1_ext_keepprob0.8_leaffc370_learningr0.003_lextrainFALSE_optADAMOPTIMIZER_rootfc0_smSIMCOSINE_state0_dataPROCESSSENTENCE3BLANKEDNEWSICKCMAGGREGATEONEHOTDEP_teTREEEMBEDDINGFLATAVG2LEVELS/1	1000000	/media/arne/WIN/ML/data/corpora/SICK/process_sentence3_blanked_new/SICK_cmAGGREGATE_onehotdep	370	sim_cosine		1	FALSE	0	0	0.003	TreeEmbedding_FLAT_AVG_2levels	0.832586	0.0305582				
1	5	AdamOptimizer	FALSE	25	0.8	FALSE	100	restoreFALSE_batchs100_clip5.0_singleFALSE_testfilei1_ext_keepprob0.8_leaffc326_learningr0.003_lextrainFALSE_optADAMOPTIMIZER_rootfc0_smSIMCOSINE_state0_dataPROCESSSENTENCE3NEWSICKCMAGGREGATEONEHOTDEP_teTREEEMBEDDINGFLATAVG2LEVELS/1	1000000	/media/arne/WIN/ML/data/corpora/SICK/process_sentence3_new/SICK_cmAGGREGATE_onehotdep	326	sim_cosine		1	FALSE	0	0	0.003	TreeEmbedding_FLAT_AVG_2levels	0.844484	0.0255618				
1	5	AdamOptimizer	FALSE	25	0.8	FALSE	100	restoreFALSE_batchs100_clip5.0_singleFALSE_testfilei1_ext_keepprob0.8_leaffc0_learningr0.003_lextrainFALSE_optADAMOPTIMIZER_rootfc0_smSIMCOSINE_state74_dataPROCESSSENTENCE3BLANKEDNEWSICKCMAGGREGATEONEHOTDEP_teTREEEMBEDDINGFLATLSTM2LEVELS/1	1000000	/media/arne/WIN/ML/data/corpora/SICK/process_sentence3_blanked_new/SICK_cmAGGREGATE_onehotdep	0	sim_cosine		1	FALSE	0	74	0.003	TreeEmbedding_FLAT_LSTM_2levels	0.83275	0.0213519				
1	5	AdamOptimizer	FALSE	25	0.8	FALSE	100	restoreFALSE_batchs100_clip5.0_singleFALSE_testfilei1_ext_keepprob0.8_leaffc0_learningr0.003_lextrainFALSE_optADAMOPTIMIZER_rootfc0_smSIMCOSINE_state68_dataPROCESSSENTENCE3NEWSICKCMAGGREGATEONEHOTDEP_teTREEEMBEDDINGFLATLSTM2LEVELS/1	1000000	/media/arne/WIN/ML/data/corpora/SICK/process_sentence3_new/SICK_cmAGGREGATE_onehotdep	0	sim_cosine		1	FALSE	0	68	0.003	TreeEmbedding_FLAT_LSTM_2levels	0.837838	0.0204532				
1	5	AdamOptimizer	FALSE	25	0.8	FALSE	100	restoreFALSE_batchs100_clip5.0_singleFALSE_testfilei2_ext_keepprob0.8_leaffc370_learningr0.003_lextrainFALSE_optADAMOPTIMIZER_rootfc0_smSIMCOSINE_state0_dataPROCESSSENTENCE3BLANKEDNEWSICKCMAGGREGATEONEHOTDEP_teTREEEMBEDDINGFLATAVG2LEVELS/1	1000000	/media/arne/WIN/ML/data/corpora/SICK/process_sentence3_blanked_new/SICK_cmAGGREGATE_onehotdep	370	sim_cosine		2	FALSE	0	0	0.003	TreeEmbedding_FLAT_AVG_2levels	0.838291	0.0277282				
1	5	AdamOptimizer	FALSE	25	0.8	FALSE	100	restoreFALSE_batchs100_clip5.0_singleFALSE_testfilei2_ext_keepprob0.8_leaffc326_learningr0.003_lextrainFALSE_optADAMOPTIMIZER_rootfc0_smSIMCOSINE_state0_dataPROCESSSENTENCE3NEWSICKCMAGGREGATEONEHOTDEP_teTREEEMBEDDINGFLATAVG2LEVELS/1	1000000	/media/arne/WIN/ML/data/corpora/SICK/process_sentence3_new/SICK_cmAGGREGATE_onehotdep	326	sim_cosine		2	FALSE	0	0	0.003	TreeEmbedding_FLAT_AVG_2levels	0.843254	0.0283915				
1	5	AdamOptimizer	FALSE	25	0.8	FALSE	100	restoreFALSE_batchs100_clip5.0_singleFALSE_testfilei2_ext_keepprob0.8_leaffc0_learningr0.003_lextrainFALSE_optADAMOPTIMIZER_rootfc0_smSIMCOSINE_state74_dataPROCESSSENTENCE3BLANKEDNEWSICKCMAGGREGATEONEHOTDEP_teTREEEMBEDDINGFLATLSTM2LEVELS/1	1000000	/media/arne/WIN/ML/data/corpora/SICK/process_sentence3_blanked_new/SICK_cmAGGREGATE_onehotdep	0	sim_cosine		2	FALSE	0	74	0.003	TreeEmbedding_FLAT_LSTM_2levels	0.834437	0.0211571				
1	5	AdamOptimizer	FALSE	25	0.8	FALSE	100	restoreFALSE_batchs100_clip5.0_singleFALSE_testfilei2_ext_keepprob0.8_leaffc0_learningr0.003_lextrainFALSE_optADAMOPTIMIZER_rootfc0_smSIMCOSINE_state68_dataPROCESSSENTENCE3NEWSICKCMAGGREGATEONEHOTDEP_teTREEEMBEDDINGFLATLSTM2LEVELS/1	1000000	/media/arne/WIN/ML/data/corpora/SICK/process_sentence3_new/SICK_cmAGGREGATE_onehotdep	0	sim_cosine		2	FALSE	0	68	0.003	TreeEmbedding_FLAT_LSTM_2levels	0.840332	0.0201837				
1	5	AdamOptimizer	FALSE	25	0.8	FALSE	100	restoreFALSE_batchs100_clip5.0_singleFALSE_testfilei3_ext_keepprob0.8_leaffc370_learningr0.003_lextrainFALSE_optADAMOPTIMIZER_rootfc0_smSIMCOSINE_state0_dataPROCESSSENTENCE3BLANKEDNEWSICKCMAGGREGATEONEHOTDEP_teTREEEMBEDDINGFLATAVG2LEVELS/1	1000000	/media/arne/WIN/ML/data/corpora/SICK/process_sentence3_blanked_new/SICK_cmAGGREGATE_onehotdep	370	sim_cosine		3	FALSE	0	0	0.003	TreeEmbedding_FLAT_AVG_2levels	0.835895	0.0320588				
1	5	AdamOptimizer	FALSE	25	0.8	FALSE	100	restoreFALSE_batchs100_clip5.0_singleFALSE_testfilei3_ext_keepprob0.8_leaffc326_learningr0.003_lextrainFALSE_optADAMOPTIMIZER_rootfc0_smSIMCOSINE_state0_dataPROCESSSENTENCE3NEWSICKCMAGGREGATEONEHOTDEP_teTREEEMBEDDINGFLATAVG2LEVELS/1	1000000	/media/arne/WIN/ML/data/corpora/SICK/process_sentence3_new/SICK_cmAGGREGATE_onehotdep	326	sim_cosine		3	FALSE	0	0	0.003	TreeEmbedding_FLAT_AVG_2levels	0.841376	0.0260708				
1	5	AdamOptimizer	FALSE	25	0.8	FALSE	100	restoreFALSE_batchs100_clip5.0_singleFALSE_testfilei3_ext_keepprob0.8_leaffc0_learningr0.003_lextrainFALSE_optADAMOPTIMIZER_rootfc0_smSIMCOSINE_state74_dataPROCESSSENTENCE3BLANKEDNEWSICKCMAGGREGATEONEHOTDEP_teTREEEMBEDDINGFLATLSTM2LEVELS/1	1000000	/media/arne/WIN/ML/data/corpora/SICK/process_sentence3_blanked_new/SICK_cmAGGREGATE_onehotdep	0	sim_cosine		3	FALSE	0	74	0.003	TreeEmbedding_FLAT_LSTM_2levels	0.840164	0.0199765				
1	5	AdamOptimizer	FALSE	25	0.8	FALSE	100	restoreFALSE_batchs100_clip5.0_singleFALSE_testfilei3_ext_keepprob0.8_leaffc0_learningr0.003_lextrainFALSE_optADAMOPTIMIZER_rootfc0_smSIMCOSINE_state68_dataPROCESSSENTENCE3NEWSICKCMAGGREGATEONEHOTDEP_teTREEEMBEDDINGFLATLSTM2LEVELS/1	1000000	/media/arne/WIN/ML/data/corpora/SICK/process_sentence3_new/SICK_cmAGGREGATE_onehotdep	0	sim_cosine		3	FALSE	0	68	0.003	TreeEmbedding_FLAT_LSTM_2levels	0.840797	0.02059				
1	5	AdamOptimizer	FALSE	25	0.8	FALSE	100	restoreFALSE_batchs100_clip5.0_singleFALSE_testfilei4_ext_keepprob0.8_leaffc370_learningr0.003_lextrainFALSE_optADAMOPTIMIZER_rootfc0_smSIMCOSINE_state0_dataPROCESSSENTENCE3BLANKEDNEWSICKCMAGGREGATEONEHOTDEP_teTREEEMBEDDINGFLATAVG2LEVELS/1	1000000	/media/arne/WIN/ML/data/corpora/SICK/process_sentence3_blanked_new/SICK_cmAGGREGATE_onehotdep	370	sim_cosine		4	FALSE	0	0	0.003	TreeEmbedding_FLAT_AVG_2levels	0.836487	0.0271713				
1	5	AdamOptimizer	FALSE	25	0.8	FALSE	100	restoreFALSE_batchs100_clip5.0_singleFALSE_testfilei4_ext_keepprob0.8_leaffc326_learningr0.003_lextrainFALSE_optADAMOPTIMIZER_rootfc0_smSIMCOSINE_state0_dataPROCESSSENTENCE3NEWSICKCMAGGREGATEONEHOTDEP_teTREEEMBEDDINGFLATAVG2LEVELS/1	1000000	/media/arne/WIN/ML/data/corpora/SICK/process_sentence3_new/SICK_cmAGGREGATE_onehotdep	326	sim_cosine		4	FALSE	0	0	0.003	TreeEmbedding_FLAT_AVG_2levels	0.839972	0.0255826				
1	5	AdamOptimizer	FALSE	25	0.8	FALSE	100	restoreFALSE_batchs100_clip5.0_singleFALSE_testfilei4_ext_keepprob0.8_leaffc0_learningr0.003_lextrainFALSE_optADAMOPTIMIZER_rootfc0_smSIMCOSINE_state74_dataPROCESSSENTENCE3BLANKEDNEWSICKCMAGGREGATEONEHOTDEP_teTREEEMBEDDINGFLATLSTM2LEVELS/1	1000000	/media/arne/WIN/ML/data/corpora/SICK/process_sentence3_blanked_new/SICK_cmAGGREGATE_onehotdep	0	sim_cosine		4	FALSE	0	74	0.003	TreeEmbedding_FLAT_LSTM_2levels	0.829033	0.0223886				
1	5	AdamOptimizer	FALSE	25	0.8	FALSE	100	restoreFALSE_batchs100_clip5.0_singleFALSE_testfilei4_ext_keepprob0.8_leaffc0_learningr0.003_lextrainFALSE_optADAMOPTIMIZER_rootfc0_smSIMCOSINE_state68_dataPROCESSSENTENCE3NEWSICKCMAGGREGATEONEHOTDEP_teTREEEMBEDDINGFLATLSTM2LEVELS/1	1000000	/media/arne/WIN/ML/data/corpora/SICK/process_sentence3_new/SICK_cmAGGREGATE_onehotdep	0	sim_cosine		4	FALSE	0	68	0.003	TreeEmbedding_FLAT_LSTM_2levels	0.836509	0.0203948				
2	5	AdamOptimizer	FALSE	25	0.8	FALSE	100	restoreFALSE_batchs100_clip5.0_singleFALSE_testfilei0_ext_keepprob0.8_leaffc326_learningr0.003_lextrainFALSE_optADAMOPTIMIZER_rootfc0_smSIMCOSINE_state0_dataPROCESSSENTENCE3NEWSICKCMAGGREGATEONEHOTDEP_teTREEEMBEDDINGFLATAVG2LEVELS/2	1000000	/media/arne/WIN/ML/data/corpora/SICK/process_sentence3_new/SICK_cmAGGREGATE_onehotdep	326	sim_cosine		0	FALSE	0	0	0.003	TreeEmbedding_FLAT_AVG_2levels	0.844821	0.0252273				
2	5	AdamOptimizer	FALSE	25	0.8	FALSE	100	restoreFALSE_batchs100_clip5.0_singleFALSE_testfilei0_ext_keepprob0.8_leaffc0_learningr0.003_lextrainFALSE_optADAMOPTIMIZER_rootfc0_smSIMCOSINE_state74_dataPROCESSSENTENCE3BLANKEDNEWSICKCMAGGREGATEONEHOTDEP_teTREEEMBEDDINGFLATLSTM2LEVELS/2	1000000	/media/arne/WIN/ML/data/corpora/SICK/process_sentence3_blanked_new/SICK_cmAGGREGATE_onehotdep	0	sim_cosine		0	FALSE	0	74	0.003	TreeEmbedding_FLAT_LSTM_2levels	0.838014	0.0209192				
2	5	AdamOptimizer	FALSE	25	0.8	FALSE	100	restoreFALSE_batchs100_clip5.0_singleFALSE_testfilei0_ext_keepprob0.8_leaffc0_learningr0.003_lextrainFALSE_optADAMOPTIMIZER_rootfc0_smSIMCOSINE_state68_dataPROCESSSENTENCE3NEWSICKCMAGGREGATEONEHOTDEP_teTREEEMBEDDINGFLATLSTM2LEVELS/2	1000000	/media/arne/WIN/ML/data/corpora/SICK/process_sentence3_new/SICK_cmAGGREGATE_onehotdep	0	sim_cosine		0	FALSE	0	68	0.003	TreeEmbedding_FLAT_LSTM_2levels	0.837366	0.0204024				
2	5	AdamOptimizer	FALSE	25	0.8	FALSE	100	restoreFALSE_batchs100_clip5.0_singleFALSE_testfilei1_ext_keepprob0.8_leaffc370_learningr0.003_lextrainFALSE_optADAMOPTIMIZER_rootfc0_smSIMCOSINE_state0_dataPROCESSSENTENCE3BLANKEDNEWSICKCMAGGREGATEONEHOTDEP_teTREEEMBEDDINGFLATAVG2LEVELS/2	1000000	/media/arne/WIN/ML/data/corpora/SICK/process_sentence3_blanked_new/SICK_cmAGGREGATE_onehotdep	370	sim_cosine		1	FALSE	0	0	0.003	TreeEmbedding_FLAT_AVG_2levels	0.840306	0.0307056				
2	5	AdamOptimizer	FALSE	25	0.8	FALSE	100	restoreFALSE_batchs100_clip5.0_singleFALSE_testfilei1_ext_keepprob0.8_leaffc326_learningr0.003_lextrainFALSE_optADAMOPTIMIZER_rootfc0_smSIMCOSINE_state0_dataPROCESSSENTENCE3NEWSICKCMAGGREGATEONEHOTDEP_teTREEEMBEDDINGFLATAVG2LEVELS/2	1000000	/media/arne/WIN/ML/data/corpora/SICK/process_sentence3_new/SICK_cmAGGREGATE_onehotdep	326	sim_cosine		1	FALSE	0	0	0.003	TreeEmbedding_FLAT_AVG_2levels	0.845241	0.0270847				
2	5	AdamOptimizer	FALSE	25	0.8	FALSE	100	restoreFALSE_batchs100_clip5.0_singleFALSE_testfilei1_ext_keepprob0.8_leaffc0_learningr0.003_lextrainFALSE_optADAMOPTIMIZER_rootfc0_smSIMCOSINE_state74_dataPROCESSSENTENCE3BLANKEDNEWSICKCMAGGREGATEONEHOTDEP_teTREEEMBEDDINGFLATLSTM2LEVELS/2	1000000	/media/arne/WIN/ML/data/corpora/SICK/process_sentence3_blanked_new/SICK_cmAGGREGATE_onehotdep	0	sim_cosine		1	FALSE	0	74	0.003	TreeEmbedding_FLAT_LSTM_2levels	0.840738	0.0205633				
2	5	AdamOptimizer	FALSE	25	0.8	FALSE	100	restoreFALSE_batchs100_clip5.0_singleFALSE_testfilei1_ext_keepprob0.8_leaffc0_learningr0.003_lextrainFALSE_optADAMOPTIMIZER_rootfc0_smSIMCOSINE_state68_dataPROCESSSENTENCE3NEWSICKCMAGGREGATEONEHOTDEP_teTREEEMBEDDINGFLATLSTM2LEVELS/2	1000000	/media/arne/WIN/ML/data/corpora/SICK/process_sentence3_new/SICK_cmAGGREGATE_onehotdep	0	sim_cosine		1	FALSE	0	68	0.003	TreeEmbedding_FLAT_LSTM_2levels	0.839278	0.0207432				
2	5	AdamOptimizer	FALSE	25	0.8	FALSE	100	restoreFALSE_batchs100_clip5.0_singleFALSE_testfilei2_ext_keepprob0.8_leaffc370_learningr0.003_lextrainFALSE_optADAMOPTIMIZER_rootfc0_smSIMCOSINE_state0_dataPROCESSSENTENCE3BLANKEDNEWSICKCMAGGREGATEONEHOTDEP_teTREEEMBEDDINGFLATAVG2LEVELS/2	1000000	/media/arne/WIN/ML/data/corpora/SICK/process_sentence3_blanked_new/SICK_cmAGGREGATE_onehotdep	370	sim_cosine		2	FALSE	0	0	0.003	TreeEmbedding_FLAT_AVG_2levels	0.839766	0.0288032				
2	5	AdamOptimizer	FALSE	25	0.8	FALSE	100	restoreFALSE_batchs100_clip5.0_singleFALSE_testfilei2_ext_keepprob0.8_leaffc326_learningr0.003_lextrainFALSE_optADAMOPTIMIZER_rootfc0_smSIMCOSINE_state0_dataPROCESSSENTENCE3NEWSICKCMAGGREGATEONEHOTDEP_teTREEEMBEDDINGFLATAVG2LEVELS/2	1000000	/media/arne/WIN/ML/data/corpora/SICK/process_sentence3_new/SICK_cmAGGREGATE_onehotdep	326	sim_cosine		2	FALSE	0	0	0.003	TreeEmbedding_FLAT_AVG_2levels	0.84129	0.0288166				
2	5	AdamOptimizer	FALSE	25	0.8	FALSE	100	restoreFALSE_batchs100_clip5.0_singleFALSE_testfilei2_ext_keepprob0.8_leaffc0_learningr0.003_lextrainFALSE_optADAMOPTIMIZER_rootfc0_smSIMCOSINE_state74_dataPROCESSSENTENCE3BLANKEDNEWSICKCMAGGREGATEONEHOTDEP_teTREEEMBEDDINGFLATLSTM2LEVELS/2	1000000	/media/arne/WIN/ML/data/corpora/SICK/process_sentence3_blanked_new/SICK_cmAGGREGATE_onehotdep	0	sim_cosine		2	FALSE	0	74	0.003	TreeEmbedding_FLAT_LSTM_2levels	0.839785	0.0201769				
2	5	AdamOptimizer	FALSE	25	0.8	FALSE	100	restoreFALSE_batchs100_clip5.0_singleFALSE_testfilei2_ext_keepprob0.8_leaffc0_learningr0.003_lextrainFALSE_optADAMOPTIMIZER_rootfc0_smSIMCOSINE_state68_dataPROCESSSENTENCE3NEWSICKCMAGGREGATEONEHOTDEP_teTREEEMBEDDINGFLATLSTM2LEVELS/2	1000000	/media/arne/WIN/ML/data/corpora/SICK/process_sentence3_new/SICK_cmAGGREGATE_onehotdep	0	sim_cosine		2	FALSE	0	68	0.003	TreeEmbedding_FLAT_LSTM_2levels	0.842259	0.0197179				
2	5	AdamOptimizer	FALSE	25	0.8	FALSE	100	restoreFALSE_batchs100_clip5.0_singleFALSE_testfilei3_ext_keepprob0.8_leaffc370_learningr0.003_lextrainFALSE_optADAMOPTIMIZER_rootfc0_smSIMCOSINE_state0_dataPROCESSSENTENCE3BLANKEDNEWSICKCMAGGREGATEONEHOTDEP_teTREEEMBEDDINGFLATAVG2LEVELS/2	1000000	/media/arne/WIN/ML/data/corpora/SICK/process_sentence3_blanked_new/SICK_cmAGGREGATE_onehotdep	370	sim_cosine		3	FALSE	0	0	0.003	TreeEmbedding_FLAT_AVG_2levels	0.836287	0.029151				
2	5	AdamOptimizer	FALSE	25	0.8	FALSE	100	restoreFALSE_batchs100_clip5.0_singleFALSE_testfilei3_ext_keepprob0.8_leaffc326_learningr0.003_lextrainFALSE_optADAMOPTIMIZER_rootfc0_smSIMCOSINE_state0_dataPROCESSSENTENCE3NEWSICKCMAGGREGATEONEHOTDEP_teTREEEMBEDDINGFLATAVG2LEVELS/2	1000000	/media/arne/WIN/ML/data/corpora/SICK/process_sentence3_new/SICK_cmAGGREGATE_onehotdep	326	sim_cosine		3	FALSE	0	0	0.003	TreeEmbedding_FLAT_AVG_2levels	0.841872	0.0279085				
2	5	AdamOptimizer	FALSE	25	0.8	FALSE	100	restoreFALSE_batchs100_clip5.0_singleFALSE_testfilei3_ext_keepprob0.8_leaffc0_learningr0.003_lextrainFALSE_optADAMOPTIMIZER_rootfc0_smSIMCOSINE_state74_dataPROCESSSENTENCE3BLANKEDNEWSICKCMAGGREGATEONEHOTDEP_teTREEEMBEDDINGFLATLSTM2LEVELS/2	1000000	/media/arne/WIN/ML/data/corpora/SICK/process_sentence3_blanked_new/SICK_cmAGGREGATE_onehotdep	0	sim_cosine		3	FALSE	0	74	0.003	TreeEmbedding_FLAT_LSTM_2levels	0.839048	0.0206667				
2	5	AdamOptimizer	FALSE	25	0.8	FALSE	100	restoreFALSE_batchs100_clip5.0_singleFALSE_testfilei3_ext_keepprob0.8_leaffc0_learningr0.003_lextrainFALSE_optADAMOPTIMIZER_rootfc0_smSIMCOSINE_state68_dataPROCESSSENTENCE3NEWSICKCMAGGREGATEONEHOTDEP_teTREEEMBEDDINGFLATLSTM2LEVELS/2	1000000	/media/arne/WIN/ML/data/corpora/SICK/process_sentence3_new/SICK_cmAGGREGATE_onehotdep	0	sim_cosine		3	FALSE	0	68	0.003	TreeEmbedding_FLAT_LSTM_2levels	0.837552	0.020877				
2	5	AdamOptimizer	FALSE	25	0.8	FALSE	100	restoreFALSE_batchs100_clip5.0_singleFALSE_testfilei4_ext_keepprob0.8_leaffc370_learningr0.003_lextrainFALSE_optADAMOPTIMIZER_rootfc0_smSIMCOSINE_state0_dataPROCESSSENTENCE3BLANKEDNEWSICKCMAGGREGATEONEHOTDEP_teTREEEMBEDDINGFLATAVG2LEVELS/2	1000000	/media/arne/WIN/ML/data/corpora/SICK/process_sentence3_blanked_new/SICK_cmAGGREGATE_onehotdep	370	sim_cosine		4	FALSE	0	0	0.003	TreeEmbedding_FLAT_AVG_2levels	0.838739	0.0268222				
2	5	AdamOptimizer	FALSE	25	0.8	FALSE	100	restoreFALSE_batchs100_clip5.0_singleFALSE_testfilei4_ext_keepprob0.8_leaffc326_learningr0.003_lextrainFALSE_optADAMOPTIMIZER_rootfc0_smSIMCOSINE_state0_dataPROCESSSENTENCE3NEWSICKCMAGGREGATEONEHOTDEP_teTREEEMBEDDINGFLATAVG2LEVELS/2	1000000	/media/arne/WIN/ML/data/corpora/SICK/process_sentence3_new/SICK_cmAGGREGATE_onehotdep	326	sim_cosine		4	FALSE	0	0	0.003	TreeEmbedding_FLAT_AVG_2levels	0.840734	0.026494				
2	5	AdamOptimizer	FALSE	25	0.8	FALSE	100	restoreFALSE_batchs100_clip5.0_singleFALSE_testfilei4_ext_keepprob0.8_leaffc0_learningr0.003_lextrainFALSE_optADAMOPTIMIZER_rootfc0_smSIMCOSINE_state74_dataPROCESSSENTENCE3BLANKEDNEWSICKCMAGGREGATEONEHOTDEP_teTREEEMBEDDINGFLATLSTM2LEVELS/2	1000000	/media/arne/WIN/ML/data/corpora/SICK/process_sentence3_blanked_new/SICK_cmAGGREGATE_onehotdep	0	sim_cosine		4	FALSE	0	74	0.003	TreeEmbedding_FLAT_LSTM_2levels	0.834931	0.0206542				
2	5	AdamOptimizer	FALSE	25	0.8	FALSE	100	restoreFALSE_batchs100_clip5.0_singleFALSE_testfilei4_ext_keepprob0.8_leaffc0_learningr0.003_lextrainFALSE_optADAMOPTIMIZER_rootfc0_smSIMCOSINE_state68_dataPROCESSSENTENCE3NEWSICKCMAGGREGATEONEHOTDEP_teTREEEMBEDDINGFLATLSTM2LEVELS/2	1000000	/media/arne/WIN/ML/data/corpora/SICK/process_sentence3_new/SICK_cmAGGREGATE_onehotdep	0	sim_cosine		4	FALSE	0	68	0.003	TreeEmbedding_FLAT_LSTM_2levels	0.838057	0.0206283				
3	5	AdamOptimizer	FALSE	25	0.8	FALSE	100	restoreFALSE_batchs100_clip5.0_singleFALSE_testfilei0_ext_keepprob0.8_leaffc370_learningr0.003_lextrainFALSE_optADAMOPTIMIZER_rootfc0_smSIMCOSINE_state0_dataPROCESSSENTENCE3BLANKEDNEWSICKCMAGGREGATEONEHOTDEP_teTREEEMBEDDINGFLATAVG2LEVELS/3	1000000	/media/arne/WIN/ML/data/corpora/SICK/process_sentence3_blanked_new/SICK_cmAGGREGATE_onehotdep	370	sim_cosine		0	FALSE	0	0	0.003	TreeEmbedding_FLAT_AVG_2levels	0.838915	0.0271137				
3	5	AdamOptimizer	FALSE	25	0.8	FALSE	100	restoreFALSE_batchs100_clip5.0_singleFALSE_testfilei0_ext_keepprob0.8_leaffc326_learningr0.003_lextrainFALSE_optADAMOPTIMIZER_rootfc0_smSIMCOSINE_state0_dataPROCESSSENTENCE3NEWSICKCMAGGREGATEONEHOTDEP_teTREEEMBEDDINGFLATAVG2LEVELS/3	1000000	/media/arne/WIN/ML/data/corpora/SICK/process_sentence3_new/SICK_cmAGGREGATE_onehotdep	326	sim_cosine		0	FALSE	0	0	0.003	TreeEmbedding_FLAT_AVG_2levels	0.841643	0.0261484				
3	5	AdamOptimizer	FALSE	25	0.8	FALSE	100	restoreFALSE_batchs100_clip5.0_singleFALSE_testfilei0_ext_keepprob0.8_leaffc0_learningr0.003_lextrainFALSE_optADAMOPTIMIZER_rootfc0_smSIMCOSINE_state74_dataPROCESSSENTENCE3BLANKEDNEWSICKCMAGGREGATEONEHOTDEP_teTREEEMBEDDINGFLATLSTM2LEVELS/3	1000000	/media/arne/WIN/ML/data/corpora/SICK/process_sentence3_blanked_new/SICK_cmAGGREGATE_onehotdep	0	sim_cosine		0	FALSE	0	74	0.003	TreeEmbedding_FLAT_LSTM_2levels	0.836612	0.0206112				
3	5	AdamOptimizer	FALSE	25	0.8	FALSE	100	restoreFALSE_batchs100_clip5.0_singleFALSE_testfilei0_ext_keepprob0.8_leaffc0_learningr0.003_lextrainFALSE_optADAMOPTIMIZER_rootfc0_smSIMCOSINE_state68_dataPROCESSSENTENCE3NEWSICKCMAGGREGATEONEHOTDEP_teTREEEMBEDDINGFLATLSTM2LEVELS/3	1000000	/media/arne/WIN/ML/data/corpora/SICK/process_sentence3_new/SICK_cmAGGREGATE_onehotdep	0	sim_cosine		0	FALSE	0	68	0.003	TreeEmbedding_FLAT_LSTM_2levels	0.838589	0.0205629				
3	5	AdamOptimizer	FALSE	25	0.8	FALSE	100	restoreFALSE_batchs100_clip5.0_singleFALSE_testfilei1_ext_keepprob0.8_leaffc370_learningr0.003_lextrainFALSE_optADAMOPTIMIZER_rootfc0_smSIMCOSINE_state0_dataPROCESSSENTENCE3BLANKEDNEWSICKCMAGGREGATEONEHOTDEP_teTREEEMBEDDINGFLATAVG2LEVELS/3	1000000	/media/arne/WIN/ML/data/corpora/SICK/process_sentence3_blanked_new/SICK_cmAGGREGATE_onehotdep	370	sim_cosine		1	FALSE	0	0	0.003	TreeEmbedding_FLAT_AVG_2levels	0.83696	0.0273139				
3	5	AdamOptimizer	FALSE	25	0.8	FALSE	100	restoreFALSE_batchs100_clip5.0_singleFALSE_testfilei1_ext_keepprob0.8_leaffc326_learningr0.003_lextrainFALSE_optADAMOPTIMIZER_rootfc0_smSIMCOSINE_state0_dataPROCESSSENTENCE3NEWSICKCMAGGREGATEONEHOTDEP_teTREEEMBEDDINGFLATAVG2LEVELS/3	1000000	/media/arne/WIN/ML/data/corpora/SICK/process_sentence3_new/SICK_cmAGGREGATE_onehotdep	326	sim_cosine		1	FALSE	0	0	0.003	TreeEmbedding_FLAT_AVG_2levels	0.844627	0.0273155				
3	5	AdamOptimizer	FALSE	25	0.8	FALSE	100	restoreFALSE_batchs100_clip5.0_singleFALSE_testfilei1_ext_keepprob0.8_leaffc0_learningr0.003_lextrainFALSE_optADAMOPTIMIZER_rootfc0_smSIMCOSINE_state74_dataPROCESSSENTENCE3BLANKEDNEWSICKCMAGGREGATEONEHOTDEP_teTREEEMBEDDINGFLATLSTM2LEVELS/3	1000000	/media/arne/WIN/ML/data/corpora/SICK/process_sentence3_blanked_new/SICK_cmAGGREGATE_onehotdep	0	sim_cosine		1	FALSE	0	74	0.003	TreeEmbedding_FLAT_LSTM_2levels	0.839691	0.0201071				
3	5	AdamOptimizer	FALSE	25	0.8	FALSE	100	restoreFALSE_batchs100_clip5.0_singleFALSE_testfilei1_ext_keepprob0.8_leaffc0_learningr0.003_lextrainFALSE_optADAMOPTIMIZER_rootfc0_smSIMCOSINE_state68_dataPROCESSSENTENCE3NEWSICKCMAGGREGATEONEHOTDEP_teTREEEMBEDDINGFLATLSTM2LEVELS/3	1000000	/media/arne/WIN/ML/data/corpora/SICK/process_sentence3_new/SICK_cmAGGREGATE_onehotdep	0	sim_cosine		1	FALSE	0	68	0.003	TreeEmbedding_FLAT_LSTM_2levels	0.833261	0.0216626				
3	5	AdamOptimizer	FALSE	25	0.8	FALSE	100	restoreFALSE_batchs100_clip5.0_singleFALSE_testfilei2_ext_keepprob0.8_leaffc370_learningr0.003_lextrainFALSE_optADAMOPTIMIZER_rootfc0_smSIMCOSINE_state0_dataPROCESSSENTENCE3BLANKEDNEWSICKCMAGGREGATEONEHOTDEP_teTREEEMBEDDINGFLATAVG2LEVELS/3	1000000	/media/arne/WIN/ML/data/corpora/SICK/process_sentence3_blanked_new/SICK_cmAGGREGATE_onehotdep	370	sim_cosine		2	FALSE	0	0	0.003	TreeEmbedding_FLAT_AVG_2levels	0.838463	0.0284318				
3	5	AdamOptimizer	FALSE	25	0.8	FALSE	100	restoreFALSE_batchs100_clip5.0_singleFALSE_testfilei2_ext_keepprob0.8_leaffc326_learningr0.003_lextrainFALSE_optADAMOPTIMIZER_rootfc0_smSIMCOSINE_state0_dataPROCESSSENTENCE3NEWSICKCMAGGREGATEONEHOTDEP_teTREEEMBEDDINGFLATAVG2LEVELS/3	1000000	/media/arne/WIN/ML/data/corpora/SICK/process_sentence3_new/SICK_cmAGGREGATE_onehotdep	326	sim_cosine		2	FALSE	0	0	0.003	TreeEmbedding_FLAT_AVG_2levels	0.84262	0.0303812				
3	5	AdamOptimizer	FALSE	25	0.8	FALSE	100	restoreFALSE_batchs100_clip5.0_singleFALSE_testfilei2_ext_keepprob0.8_leaffc0_learningr0.003_lextrainFALSE_optADAMOPTIMIZER_rootfc0_smSIMCOSINE_state74_dataPROCESSSENTENCE3BLANKEDNEWSICKCMAGGREGATEONEHOTDEP_teTREEEMBEDDINGFLATLSTM2LEVELS/3	1000000	/media/arne/WIN/ML/data/corpora/SICK/process_sentence3_blanked_new/SICK_cmAGGREGATE_onehotdep	0	sim_cosine		2	FALSE	0	74	0.003	TreeEmbedding_FLAT_LSTM_2levels	0.835992	0.0208255				
3	5	AdamOptimizer	FALSE	25	0.8	FALSE	100	restoreFALSE_batchs100_clip5.0_singleFALSE_testfilei2_ext_keepprob0.8_leaffc0_learningr0.003_lextrainFALSE_optADAMOPTIMIZER_rootfc0_smSIMCOSINE_state68_dataPROCESSSENTENCE3NEWSICKCMAGGREGATEONEHOTDEP_teTREEEMBEDDINGFLATLSTM2LEVELS/3	1000000	/media/arne/WIN/ML/data/corpora/SICK/process_sentence3_new/SICK_cmAGGREGATE_onehotdep	0	sim_cosine		2	FALSE	0	68	0.003	TreeEmbedding_FLAT_LSTM_2levels	0.841757	0.0202807				
3	5	AdamOptimizer	FALSE	25	0.8	FALSE	100	restoreFALSE_batchs100_clip5.0_singleFALSE_testfilei3_ext_keepprob0.8_leaffc370_learningr0.003_lextrainFALSE_optADAMOPTIMIZER_rootfc0_smSIMCOSINE_state0_dataPROCESSSENTENCE3BLANKEDNEWSICKCMAGGREGATEONEHOTDEP_teTREEEMBEDDINGFLATAVG2LEVELS/3	1000000	/media/arne/WIN/ML/data/corpora/SICK/process_sentence3_blanked_new/SICK_cmAGGREGATE_onehotdep	370	sim_cosine		3	FALSE	0	0	0.003	TreeEmbedding_FLAT_AVG_2levels	0.838556	0.0267401				
3	5	AdamOptimizer	FALSE	25	0.8	FALSE	100	restoreFALSE_batchs100_clip5.0_singleFALSE_testfilei3_ext_keepprob0.8_leaffc326_learningr0.003_lextrainFALSE_optADAMOPTIMIZER_rootfc0_smSIMCOSINE_state0_dataPROCESSSENTENCE3NEWSICKCMAGGREGATEONEHOTDEP_teTREEEMBEDDINGFLATAVG2LEVELS/3	1000000	/media/arne/WIN/ML/data/corpora/SICK/process_sentence3_new/SICK_cmAGGREGATE_onehotdep	326	sim_cosine		3	FALSE	0	0	0.003	TreeEmbedding_FLAT_AVG_2levels	0.83976	0.0268878				
3	5	AdamOptimizer	FALSE	25	0.8	FALSE	100	restoreFALSE_batchs100_clip5.0_singleFALSE_testfilei3_ext_keepprob0.8_leaffc0_learningr0.003_lextrainFALSE_optADAMOPTIMIZER_rootfc0_smSIMCOSINE_state74_dataPROCESSSENTENCE3BLANKEDNEWSICKCMAGGREGATEONEHOTDEP_teTREEEMBEDDINGFLATLSTM2LEVELS/3	1000000	/media/arne/WIN/ML/data/corpora/SICK/process_sentence3_blanked_new/SICK_cmAGGREGATE_onehotdep	0	sim_cosine		3	FALSE	0	74	0.003	TreeEmbedding_FLAT_LSTM_2levels	0.841287	0.0200043				
3	5	AdamOptimizer	FALSE	25	0.8	FALSE	100	restoreFALSE_batchs100_clip5.0_singleFALSE_testfilei3_ext_keepprob0.8_leaffc0_learningr0.003_lextrainFALSE_optADAMOPTIMIZER_rootfc0_smSIMCOSINE_state68_dataPROCESSSENTENCE3NEWSICKCMAGGREGATEONEHOTDEP_teTREEEMBEDDINGFLATLSTM2LEVELS/3	1000000	/media/arne/WIN/ML/data/corpora/SICK/process_sentence3_new/SICK_cmAGGREGATE_onehotdep	0	sim_cosine		3	FALSE	0	68	0.003	TreeEmbedding_FLAT_LSTM_2levels	0.84254	0.0199732				
3	5	AdamOptimizer	FALSE	25	0.8	FALSE	100	restoreFALSE_batchs100_clip5.0_singleFALSE_testfilei4_ext_keepprob0.8_leaffc370_learningr0.003_lextrainFALSE_optADAMOPTIMIZER_rootfc0_smSIMCOSINE_state0_dataPROCESSSENTENCE3BLANKEDNEWSICKCMAGGREGATEONEHOTDEP_teTREEEMBEDDINGFLATAVG2LEVELS/3	1000000	/media/arne/WIN/ML/data/corpora/SICK/process_sentence3_blanked_new/SICK_cmAGGREGATE_onehotdep	370	sim_cosine		4	FALSE	0	0	0.003	TreeEmbedding_FLAT_AVG_2levels	0.835944	0.0278964				
3	5	AdamOptimizer	FALSE	25	0.8	FALSE	100	restoreFALSE_batchs100_clip5.0_singleFALSE_testfilei4_ext_keepprob0.8_leaffc326_learningr0.003_lextrainFALSE_optADAMOPTIMIZER_rootfc0_smSIMCOSINE_state0_dataPROCESSSENTENCE3NEWSICKCMAGGREGATEONEHOTDEP_teTREEEMBEDDINGFLATAVG2LEVELS/3	1000000	/media/arne/WIN/ML/data/corpora/SICK/process_sentence3_new/SICK_cmAGGREGATE_onehotdep	326	sim_cosine		4	FALSE	0	0	0.003	TreeEmbedding_FLAT_AVG_2levels	0.841657	0.025689				
3	5	AdamOptimizer	FALSE	25	0.8	FALSE	100	restoreFALSE_batchs100_clip5.0_singleFALSE_testfilei4_ext_keepprob0.8_leaffc0_learningr0.003_lextrainFALSE_optADAMOPTIMIZER_rootfc0_smSIMCOSINE_state74_dataPROCESSSENTENCE3BLANKEDNEWSICKCMAGGREGATEONEHOTDEP_teTREEEMBEDDINGFLATLSTM2LEVELS/3	1000000	/media/arne/WIN/ML/data/corpora/SICK/process_sentence3_blanked_new/SICK_cmAGGREGATE_onehotdep	0	sim_cosine		4	FALSE	0	74	0.003	TreeEmbedding_FLAT_LSTM_2levels	0.83824	0.0201608				
3	5	AdamOptimizer	FALSE	25	0.8	FALSE	100	restoreFALSE_batchs100_clip5.0_singleFALSE_testfilei4_ext_keepprob0.8_leaffc0_learningr0.003_lextrainFALSE_optADAMOPTIMIZER_rootfc0_smSIMCOSINE_state68_dataPROCESSSENTENCE3NEWSICKCMAGGREGATEONEHOTDEP_teTREEEMBEDDINGFLATLSTM2LEVELS/3	1000000	/media/arne/WIN/ML/data/corpora/SICK/process_sentence3_new/SICK_cmAGGREGATE_onehotdep	0	sim_cosine		4	FALSE	0	68	0.003	TreeEmbedding_FLAT_LSTM_2levels	0.839392	0.0201245				
4	5	AdamOptimizer	FALSE	25	0.8	FALSE	100	restoreFALSE_batchs100_clip5.0_singleFALSE_testfilei0_ext_keepprob0.8_leaffc370_learningr0.003_lextrainFALSE_optADAMOPTIMIZER_rootfc0_smSIMCOSINE_state0_dataPROCESSSENTENCE3BLANKEDNEWSICKCMAGGREGATEONEHOTDEP_teTREEEMBEDDINGFLATAVG2LEVELS/4	1000000	/media/arne/WIN/ML/data/corpora/SICK/process_sentence3_blanked_new/SICK_cmAGGREGATE_onehotdep	370	sim_cosine		0	FALSE	0	0	0.003	TreeEmbedding_FLAT_AVG_2levels	0.840069	0.0292003				
4	5	AdamOptimizer	FALSE	25	0.8	FALSE	100	restoreFALSE_batchs100_clip5.0_singleFALSE_testfilei0_ext_keepprob0.8_leaffc326_learningr0.003_lextrainFALSE_optADAMOPTIMIZER_rootfc0_smSIMCOSINE_state0_dataPROCESSSENTENCE3NEWSICKCMAGGREGATEONEHOTDEP_teTREEEMBEDDINGFLATAVG2LEVELS/4	1000000	/media/arne/WIN/ML/data/corpora/SICK/process_sentence3_new/SICK_cmAGGREGATE_onehotdep	326	sim_cosine		0	FALSE	0	0	0.003	TreeEmbedding_FLAT_AVG_2levels	0.843519	0.027849				
4	5	AdamOptimizer	FALSE	25	0.8	FALSE	100	restoreFALSE_batchs100_clip5.0_singleFALSE_testfilei0_ext_keepprob0.8_leaffc0_learningr0.003_lextrainFALSE_optADAMOPTIMIZER_rootfc0_smSIMCOSINE_state74_dataPROCESSSENTENCE3BLANKEDNEWSICKCMAGGREGATEONEHOTDEP_teTREEEMBEDDINGFLATLSTM2LEVELS/4	1000000	/media/arne/WIN/ML/data/corpora/SICK/process_sentence3_blanked_new/SICK_cmAGGREGATE_onehotdep	0	sim_cosine		0	FALSE	0	74	0.003	TreeEmbedding_FLAT_LSTM_2levels	0.841024	0.0199017				
4	5	AdamOptimizer	FALSE	25	0.8	FALSE	100	restoreFALSE_batchs100_clip5.0_singleFALSE_testfilei0_ext_keepprob0.8_leaffc0_learningr0.003_lextrainFALSE_optADAMOPTIMIZER_rootfc0_smSIMCOSINE_state68_dataPROCESSSENTENCE3NEWSICKCMAGGREGATEONEHOTDEP_teTREEEMBEDDINGFLATLSTM2LEVELS/4	1000000	/media/arne/WIN/ML/data/corpora/SICK/process_sentence3_new/SICK_cmAGGREGATE_onehotdep	0	sim_cosine		0	FALSE	0	68	0.003	TreeEmbedding_FLAT_LSTM_2levels	0.839947	0.0199838				
4	5	AdamOptimizer	FALSE	25	0.8	FALSE	100	restoreFALSE_batchs100_clip5.0_singleFALSE_testfilei1_ext_keepprob0.8_leaffc370_learningr0.003_lextrainFALSE_optADAMOPTIMIZER_rootfc0_smSIMCOSINE_state0_dataPROCESSSENTENCE3BLANKEDNEWSICKCMAGGREGATEONEHOTDEP_teTREEEMBEDDINGFLATAVG2LEVELS/4	1000000	/media/arne/WIN/ML/data/corpora/SICK/process_sentence3_blanked_new/SICK_cmAGGREGATE_onehotdep	370	sim_cosine		1	FALSE	0	0	0.003	TreeEmbedding_FLAT_AVG_2levels	0.838563	0.0292061				
4	5	AdamOptimizer	FALSE	25	0.8	FALSE	100	restoreFALSE_batchs100_clip5.0_singleFALSE_testfilei1_ext_keepprob0.8_leaffc326_learningr0.003_lextrainFALSE_optADAMOPTIMIZER_rootfc0_smSIMCOSINE_state0_dataPROCESSSENTENCE3NEWSICKCMAGGREGATEONEHOTDEP_teTREEEMBEDDINGFLATAVG2LEVELS/4	1000000	/media/arne/WIN/ML/data/corpora/SICK/process_sentence3_new/SICK_cmAGGREGATE_onehotdep	326	sim_cosine		1	FALSE	0	0	0.003	TreeEmbedding_FLAT_AVG_2levels	0.845017	0.0281191				
4	5	AdamOptimizer	FALSE	25	0.8	FALSE	100	restoreFALSE_batchs100_clip5.0_singleFALSE_testfilei1_ext_keepprob0.8_leaffc0_learningr0.003_lextrainFALSE_optADAMOPTIMIZER_rootfc0_smSIMCOSINE_state74_dataPROCESSSENTENCE3BLANKEDNEWSICKCMAGGREGATEONEHOTDEP_teTREEEMBEDDINGFLATLSTM2LEVELS/4	1000000	/media/arne/WIN/ML/data/corpora/SICK/process_sentence3_blanked_new/SICK_cmAGGREGATE_onehotdep	0	sim_cosine		1	FALSE	0	74	0.003	TreeEmbedding_FLAT_LSTM_2levels	0.841544	0.0198674				
4	5	AdamOptimizer	FALSE	25	0.8	FALSE	100	restoreFALSE_batchs100_clip5.0_singleFALSE_testfilei1_ext_keepprob0.8_leaffc0_learningr0.003_lextrainFALSE_optADAMOPTIMIZER_rootfc0_smSIMCOSINE_state68_dataPROCESSSENTENCE3NEWSICKCMAGGREGATEONEHOTDEP_teTREEEMBEDDINGFLATLSTM2LEVELS/4	1000000	/media/arne/WIN/ML/data/corpora/SICK/process_sentence3_new/SICK_cmAGGREGATE_onehotdep	0	sim_cosine		1	FALSE	0	68	0.003	TreeEmbedding_FLAT_LSTM_2levels	0.837948	0.0205115				
4	5	AdamOptimizer	FALSE	25	0.8	FALSE	100	restoreFALSE_batchs100_clip5.0_singleFALSE_testfilei2_ext_keepprob0.8_leaffc370_learningr0.003_lextrainFALSE_optADAMOPTIMIZER_rootfc0_smSIMCOSINE_state0_dataPROCESSSENTENCE3BLANKEDNEWSICKCMAGGREGATEONEHOTDEP_teTREEEMBEDDINGFLATAVG2LEVELS/4	1000000	/media/arne/WIN/ML/data/corpora/SICK/process_sentence3_blanked_new/SICK_cmAGGREGATE_onehotdep	370	sim_cosine		2	FALSE	0	0	0.003	TreeEmbedding_FLAT_AVG_2levels	0.836883	0.02891				
4	5	AdamOptimizer	FALSE	25	0.8	FALSE	100	restoreFALSE_batchs100_clip5.0_singleFALSE_testfilei2_ext_keepprob0.8_leaffc326_learningr0.003_lextrainFALSE_optADAMOPTIMIZER_rootfc0_smSIMCOSINE_state0_dataPROCESSSENTENCE3NEWSICKCMAGGREGATEONEHOTDEP_teTREEEMBEDDINGFLATAVG2LEVELS/4	1000000	/media/arne/WIN/ML/data/corpora/SICK/process_sentence3_new/SICK_cmAGGREGATE_onehotdep	326	sim_cosine		2	FALSE	0	0	0.003	TreeEmbedding_FLAT_AVG_2levels	0.84138	0.0265857				
4	5	AdamOptimizer	FALSE	25	0.8	FALSE	100	restoreFALSE_batchs100_clip5.0_singleFALSE_testfilei2_ext_keepprob0.8_leaffc0_learningr0.003_lextrainFALSE_optADAMOPTIMIZER_rootfc0_smSIMCOSINE_state74_dataPROCESSSENTENCE3BLANKEDNEWSICKCMAGGREGATEONEHOTDEP_teTREEEMBEDDINGFLATLSTM2LEVELS/4	1000000	/media/arne/WIN/ML/data/corpora/SICK/process_sentence3_blanked_new/SICK_cmAGGREGATE_onehotdep	0	sim_cosine		2	FALSE	0	74	0.003	TreeEmbedding_FLAT_LSTM_2levels	0.838712	0.0204307				
4	5	AdamOptimizer	FALSE	25	0.8	FALSE	100	restoreFALSE_batchs100_clip5.0_singleFALSE_testfilei2_ext_keepprob0.8_leaffc0_learningr0.003_lextrainFALSE_optADAMOPTIMIZER_rootfc0_smSIMCOSINE_state68_dataPROCESSSENTENCE3NEWSICKCMAGGREGATEONEHOTDEP_teTREEEMBEDDINGFLATLSTM2LEVELS/4	1000000	/media/arne/WIN/ML/data/corpora/SICK/process_sentence3_new/SICK_cmAGGREGATE_onehotdep	0	sim_cosine		2	FALSE	0	68	0.003	TreeEmbedding_FLAT_LSTM_2levels	0.837113	0.0205926				
4	5	AdamOptimizer	FALSE	25	0.8	FALSE	100	restoreFALSE_batchs100_clip5.0_singleFALSE_testfilei3_ext_keepprob0.8_leaffc370_learningr0.003_lextrainFALSE_optADAMOPTIMIZER_rootfc0_smSIMCOSINE_state0_dataPROCESSSENTENCE3BLANKEDNEWSICKCMAGGREGATEONEHOTDEP_teTREEEMBEDDINGFLATAVG2LEVELS/4	1000000	/media/arne/WIN/ML/data/corpora/SICK/process_sentence3_blanked_new/SICK_cmAGGREGATE_onehotdep	370	sim_cosine		3	FALSE	0	0	0.003	TreeEmbedding_FLAT_AVG_2levels	0.835407	0.0277254				
4	5	AdamOptimizer	FALSE	25	0.8	FALSE	100	restoreFALSE_batchs100_clip5.0_singleFALSE_testfilei3_ext_keepprob0.8_leaffc326_learningr0.003_lextrainFALSE_optADAMOPTIMIZER_rootfc0_smSIMCOSINE_state0_dataPROCESSSENTENCE3NEWSICKCMAGGREGATEONEHOTDEP_teTREEEMBEDDINGFLATAVG2LEVELS/4	1000000	/media/arne/WIN/ML/data/corpora/SICK/process_sentence3_new/SICK_cmAGGREGATE_onehotdep	326	sim_cosine		3	FALSE	0	0	0.003	TreeEmbedding_FLAT_AVG_2levels	0.838672	0.0288856				
4	5	AdamOptimizer	FALSE	25	0.8	FALSE	100	restoreFALSE_batchs100_clip5.0_singleFALSE_testfilei3_ext_keepprob0.8_leaffc0_learningr0.003_lextrainFALSE_optADAMOPTIMIZER_rootfc0_smSIMCOSINE_state74_dataPROCESSSENTENCE3BLANKEDNEWSICKCMAGGREGATEONEHOTDEP_teTREEEMBEDDINGFLATLSTM2LEVELS/4	1000000	/media/arne/WIN/ML/data/corpora/SICK/process_sentence3_blanked_new/SICK_cmAGGREGATE_onehotdep	0	sim_cosine		3	FALSE	0	74	0.003	TreeEmbedding_FLAT_LSTM_2levels	0.840814	0.020089				
4	5	AdamOptimizer	FALSE	25	0.8	FALSE	100	restoreFALSE_batchs100_clip5.0_singleFALSE_testfilei3_ext_keepprob0.8_leaffc0_learningr0.003_lextrainFALSE_optADAMOPTIMIZER_rootfc0_smSIMCOSINE_state68_dataPROCESSSENTENCE3NEWSICKCMAGGREGATEONEHOTDEP_teTREEEMBEDDINGFLATLSTM2LEVELS/4	1000000	/media/arne/WIN/ML/data/corpora/SICK/process_sentence3_new/SICK_cmAGGREGATE_onehotdep	0	sim_cosine		3	FALSE	0	68	0.003	TreeEmbedding_FLAT_LSTM_2levels	0.835943	0.0207876				
4	5	AdamOptimizer	FALSE	25	0.8	FALSE	100	restoreFALSE_batchs100_clip5.0_singleFALSE_testfilei4_ext_keepprob0.8_leaffc370_learningr0.003_lextrainFALSE_optADAMOPTIMIZER_rootfc0_smSIMCOSINE_state0_dataPROCESSSENTENCE3BLANKEDNEWSICKCMAGGREGATEONEHOTDEP_teTREEEMBEDDINGFLATAVG2LEVELS/4	1000000	/media/arne/WIN/ML/data/corpora/SICK/process_sentence3_blanked_new/SICK_cmAGGREGATE_onehotdep	370	sim_cosine		4	FALSE	0	0	0.003	TreeEmbedding_FLAT_AVG_2levels	0.838668	0.0300783				
4	5	AdamOptimizer	FALSE	25	0.8	FALSE	100	restoreFALSE_batchs100_clip5.0_singleFALSE_testfilei4_ext_keepprob0.8_leaffc326_learningr0.003_lextrainFALSE_optADAMOPTIMIZER_rootfc0_smSIMCOSINE_state0_dataPROCESSSENTENCE3NEWSICKCMAGGREGATEONEHOTDEP_teTREEEMBEDDINGFLATAVG2LEVELS/4	1000000	/media/arne/WIN/ML/data/corpora/SICK/process_sentence3_new/SICK_cmAGGREGATE_onehotdep	326	sim_cosine		4	FALSE	0	0	0.003	TreeEmbedding_FLAT_AVG_2levels	0.836407	0.0267066				
4	5	AdamOptimizer	FALSE	25	0.8	FALSE	100	restoreFALSE_batchs100_clip5.0_singleFALSE_testfilei4_ext_keepprob0.8_leaffc0_learningr0.003_lextrainFALSE_optADAMOPTIMIZER_rootfc0_smSIMCOSINE_state74_dataPROCESSSENTENCE3BLANKEDNEWSICKCMAGGREGATEONEHOTDEP_teTREEEMBEDDINGFLATLSTM2LEVELS/4	1000000	/media/arne/WIN/ML/data/corpora/SICK/process_sentence3_blanked_new/SICK_cmAGGREGATE_onehotdep	0	sim_cosine		4	FALSE	0	74	0.003	TreeEmbedding_FLAT_LSTM_2levels	0.837788	0.0210778				
4	5	AdamOptimizer	FALSE	25	0.8	FALSE	100	restoreFALSE_batchs100_clip5.0_singleFALSE_testfilei4_ext_keepprob0.8_leaffc0_learningr0.003_lextrainFALSE_optADAMOPTIMIZER_rootfc0_smSIMCOSINE_state68_dataPROCESSSENTENCE3NEWSICKCMAGGREGATEONEHOTDEP_teTREEEMBEDDINGFLATLSTM2LEVELS/4	1000000	/media/arne/WIN/ML/data/corpora/SICK/process_sentence3_new/SICK_cmAGGREGATE_onehotdep	0	sim_cosine		4	FALSE	0	68	0.003	TreeEmbedding_FLAT_LSTM_2levels	0.841716	0.0201874				
5	5	AdamOptimizer	FALSE	25	0.8	FALSE	100	restoreFALSE_batchs100_clip5.0_singleFALSE_testfilei0_ext_keepprob0.8_leaffc370_learningr0.003_lextrainFALSE_optADAMOPTIMIZER_rootfc0_smSIMCOSINE_state0_dataPROCESSSENTENCE3BLANKEDNEWSICKCMAGGREGATEONEHOTDEP_teTREEEMBEDDINGFLATAVG2LEVELS/5	1000000	/media/arne/WIN/ML/data/corpora/SICK/process_sentence3_blanked_new/SICK_cmAGGREGATE_onehotdep	370	sim_cosine		0	FALSE	0	0	0.003	TreeEmbedding_FLAT_AVG_2levels	0.837218	0.0287113				
5	5	AdamOptimizer	FALSE	25	0.8	FALSE	100	restoreFALSE_batchs100_clip5.0_singleFALSE_testfilei0_ext_keepprob0.8_leaffc326_learningr0.003_lextrainFALSE_optADAMOPTIMIZER_rootfc0_smSIMCOSINE_state0_dataPROCESSSENTENCE3NEWSICKCMAGGREGATEONEHOTDEP_teTREEEMBEDDINGFLATAVG2LEVELS/5	1000000	/media/arne/WIN/ML/data/corpora/SICK/process_sentence3_new/SICK_cmAGGREGATE_onehotdep	326	sim_cosine		0	FALSE	0	0	0.003	TreeEmbedding_FLAT_AVG_2levels	0.843492	0.0282311				
5	5	AdamOptimizer	FALSE	25	0.8	FALSE	100	restoreFALSE_batchs100_clip5.0_singleFALSE_testfilei0_ext_keepprob0.8_leaffc0_learningr0.003_lextrainFALSE_optADAMOPTIMIZER_rootfc0_smSIMCOSINE_state74_dataPROCESSSENTENCE3BLANKEDNEWSICKCMAGGREGATEONEHOTDEP_teTREEEMBEDDINGFLATLSTM2LEVELS/5	1000000	/media/arne/WIN/ML/data/corpora/SICK/process_sentence3_blanked_new/SICK_cmAGGREGATE_onehotdep	0	sim_cosine		0	FALSE	0	74	0.003	TreeEmbedding_FLAT_LSTM_2levels	0.839543	0.0201937				
5	5	AdamOptimizer	FALSE	25	0.8	FALSE	100	restoreFALSE_batchs100_clip5.0_singleFALSE_testfilei0_ext_keepprob0.8_leaffc0_learningr0.003_lextrainFALSE_optADAMOPTIMIZER_rootfc0_smSIMCOSINE_state68_dataPROCESSSENTENCE3NEWSICKCMAGGREGATEONEHOTDEP_teTREEEMBEDDINGFLATLSTM2LEVELS/5	1000000	/media/arne/WIN/ML/data/corpora/SICK/process_sentence3_new/SICK_cmAGGREGATE_onehotdep	0	sim_cosine		0	FALSE	0	68	0.003	TreeEmbedding_FLAT_LSTM_2levels	0.841651	0.0202282				
5	5	AdamOptimizer	FALSE	25	0.8	FALSE	100	restoreFALSE_batchs100_clip5.0_singleFALSE_testfilei1_ext_keepprob0.8_leaffc370_learningr0.003_lextrainFALSE_optADAMOPTIMIZER_rootfc0_smSIMCOSINE_state0_dataPROCESSSENTENCE3BLANKEDNEWSICKCMAGGREGATEONEHOTDEP_teTREEEMBEDDINGFLATAVG2LEVELS/5	1000000	/media/arne/WIN/ML/data/corpora/SICK/process_sentence3_blanked_new/SICK_cmAGGREGATE_onehotdep	370	sim_cosine		1	FALSE	0	0	0.003	TreeEmbedding_FLAT_AVG_2levels	0.841498	0.0293961				
5	5	AdamOptimizer	FALSE	25	0.8	FALSE	100	restoreFALSE_batchs100_clip5.0_singleFALSE_testfilei1_ext_keepprob0.8_leaffc326_learningr0.003_lextrainFALSE_optADAMOPTIMIZER_rootfc0_smSIMCOSINE_state0_dataPROCESSSENTENCE3NEWSICKCMAGGREGATEONEHOTDEP_teTREEEMBEDDINGFLATAVG2LEVELS/5	1000000	/media/arne/WIN/ML/data/corpora/SICK/process_sentence3_new/SICK_cmAGGREGATE_onehotdep	326	sim_cosine		1	FALSE	0	0	0.003	TreeEmbedding_FLAT_AVG_2levels	0.844617	0.0278685				
5	5	AdamOptimizer	FALSE	25	0.8	FALSE	100	restoreFALSE_batchs100_clip5.0_singleFALSE_testfilei1_ext_keepprob0.8_leaffc0_learningr0.003_lextrainFALSE_optADAMOPTIMIZER_rootfc0_smSIMCOSINE_state74_dataPROCESSSENTENCE3BLANKEDNEWSICKCMAGGREGATEONEHOTDEP_teTREEEMBEDDINGFLATLSTM2LEVELS/5	1000000	/media/arne/WIN/ML/data/corpora/SICK/process_sentence3_blanked_new/SICK_cmAGGREGATE_onehotdep	0	sim_cosine		1	FALSE	0	74	0.003	TreeEmbedding_FLAT_LSTM_2levels	0.836213	0.0205924				
5	5	AdamOptimizer	FALSE	25	0.8	FALSE	100	restoreFALSE_batchs100_clip5.0_singleFALSE_testfilei1_ext_keepprob0.8_leaffc0_learningr0.003_lextrainFALSE_optADAMOPTIMIZER_rootfc0_smSIMCOSINE_state68_dataPROCESSSENTENCE3NEWSICKCMAGGREGATEONEHOTDEP_teTREEEMBEDDINGFLATLSTM2LEVELS/5	1000000	/media/arne/WIN/ML/data/corpora/SICK/process_sentence3_new/SICK_cmAGGREGATE_onehotdep	0	sim_cosine		1	FALSE	0	68	0.003	TreeEmbedding_FLAT_LSTM_2levels	0.835965	0.0204634				
5	5	AdamOptimizer	FALSE	25	0.8	FALSE	100	restoreFALSE_batchs100_clip5.0_singleFALSE_testfilei2_ext_keepprob0.8_leaffc370_learningr0.003_lextrainFALSE_optADAMOPTIMIZER_rootfc0_smSIMCOSINE_state0_dataPROCESSSENTENCE3BLANKEDNEWSICKCMAGGREGATEONEHOTDEP_teTREEEMBEDDINGFLATAVG2LEVELS/5	1000000	/media/arne/WIN/ML/data/corpora/SICK/process_sentence3_blanked_new/SICK_cmAGGREGATE_onehotdep	370	sim_cosine		2	FALSE	0	0	0.003	TreeEmbedding_FLAT_AVG_2levels	0.839139	0.0288359				
5	5	AdamOptimizer	FALSE	25	0.8	FALSE	100	restoreFALSE_batchs100_clip5.0_singleFALSE_testfilei2_ext_keepprob0.8_leaffc326_learningr0.003_lextrainFALSE_optADAMOPTIMIZER_rootfc0_smSIMCOSINE_state0_dataPROCESSSENTENCE3NEWSICKCMAGGREGATEONEHOTDEP_teTREEEMBEDDINGFLATAVG2LEVELS/5	1000000	/media/arne/WIN/ML/data/corpora/SICK/process_sentence3_new/SICK_cmAGGREGATE_onehotdep	326	sim_cosine		2	FALSE	0	0	0.003	TreeEmbedding_FLAT_AVG_2levels	0.843479	0.0271536				
5	5	AdamOptimizer	FALSE	25	0.8	FALSE	100	restoreFALSE_batchs100_clip5.0_singleFALSE_testfilei2_ext_keepprob0.8_leaffc0_learningr0.003_lextrainFALSE_optADAMOPTIMIZER_rootfc0_smSIMCOSINE_state74_dataPROCESSSENTENCE3BLANKEDNEWSICKCMAGGREGATEONEHOTDEP_teTREEEMBEDDINGFLATLSTM2LEVELS/5	1000000	/media/arne/WIN/ML/data/corpora/SICK/process_sentence3_blanked_new/SICK_cmAGGREGATE_onehotdep	0	sim_cosine		2	FALSE	0	74	0.003	TreeEmbedding_FLAT_LSTM_2levels	0.841503	0.0198358				
5	5	AdamOptimizer	FALSE	25	0.8	FALSE	100	restoreFALSE_batchs100_clip5.0_singleFALSE_testfilei2_ext_keepprob0.8_leaffc0_learningr0.003_lextrainFALSE_optADAMOPTIMIZER_rootfc0_smSIMCOSINE_state68_dataPROCESSSENTENCE3NEWSICKCMAGGREGATEONEHOTDEP_teTREEEMBEDDINGFLATLSTM2LEVELS/5	1000000	/media/arne/WIN/ML/data/corpora/SICK/process_sentence3_new/SICK_cmAGGREGATE_onehotdep	0	sim_cosine		2	FALSE	0	68	0.003	TreeEmbedding_FLAT_LSTM_2levels	0.840095	0.0202034				
5	5	AdamOptimizer	FALSE	25	0.8	FALSE	100	restoreFALSE_batchs100_clip5.0_singleFALSE_testfilei3_ext_keepprob0.8_leaffc370_learningr0.003_lextrainFALSE_optADAMOPTIMIZER_rootfc0_smSIMCOSINE_state0_dataPROCESSSENTENCE3BLANKEDNEWSICKCMAGGREGATEONEHOTDEP_teTREEEMBEDDINGFLATAVG2LEVELS/5	1000000	/media/arne/WIN/ML/data/corpora/SICK/process_sentence3_blanked_new/SICK_cmAGGREGATE_onehotdep	370	sim_cosine		3	FALSE	0	0	0.003	TreeEmbedding_FLAT_AVG_2levels	0.836767	0.0281521				
5	5	AdamOptimizer	FALSE	25	0.8	FALSE	100	restoreFALSE_batchs100_clip5.0_singleFALSE_testfilei3_ext_keepprob0.8_leaffc326_learningr0.003_lextrainFALSE_optADAMOPTIMIZER_rootfc0_smSIMCOSINE_state0_dataPROCESSSENTENCE3NEWSICKCMAGGREGATEONEHOTDEP_teTREEEMBEDDINGFLATAVG2LEVELS/5	1000000	/media/arne/WIN/ML/data/corpora/SICK/process_sentence3_new/SICK_cmAGGREGATE_onehotdep	326	sim_cosine		3	FALSE	0	0	0.003	TreeEmbedding_FLAT_AVG_2levels	0.837628	0.029675				
5	5	AdamOptimizer	FALSE	25	0.8	FALSE	100	restoreFALSE_batchs100_clip5.0_singleFALSE_testfilei3_ext_keepprob0.8_leaffc0_learningr0.003_lextrainFALSE_optADAMOPTIMIZER_rootfc0_smSIMCOSINE_state74_dataPROCESSSENTENCE3BLANKEDNEWSICKCMAGGREGATEONEHOTDEP_teTREEEMBEDDINGFLATLSTM2LEVELS/5	1000000	/media/arne/WIN/ML/data/corpora/SICK/process_sentence3_blanked_new/SICK_cmAGGREGATE_onehotdep	0	sim_cosine		3	FALSE	0	74	0.003	TreeEmbedding_FLAT_LSTM_2levels	0.836257	0.0207791				
5	5	AdamOptimizer	FALSE	25	0.8	FALSE	100	restoreFALSE_batchs100_clip5.0_singleFALSE_testfilei3_ext_keepprob0.8_leaffc0_learningr0.003_lextrainFALSE_optADAMOPTIMIZER_rootfc0_smSIMCOSINE_state68_dataPROCESSSENTENCE3NEWSICKCMAGGREGATEONEHOTDEP_teTREEEMBEDDINGFLATLSTM2LEVELS/5	1000000	/media/arne/WIN/ML/data/corpora/SICK/process_sentence3_new/SICK_cmAGGREGATE_onehotdep	0	sim_cosine		3	FALSE	0	68	0.003	TreeEmbedding_FLAT_LSTM_2levels	0.840155	0.0203525				
5	5	AdamOptimizer	FALSE	25	0.8	FALSE	100	restoreFALSE_batchs100_clip5.0_singleFALSE_testfilei4_ext_keepprob0.8_leaffc370_learningr0.003_lextrainFALSE_optADAMOPTIMIZER_rootfc0_smSIMCOSINE_state0_dataPROCESSSENTENCE3BLANKEDNEWSICKCMAGGREGATEONEHOTDEP_teTREEEMBEDDINGFLATAVG2LEVELS/5	1000000	/media/arne/WIN/ML/data/corpora/SICK/process_sentence3_blanked_new/SICK_cmAGGREGATE_onehotdep	370	sim_cosine		4	FALSE	0	0	0.003	TreeEmbedding_FLAT_AVG_2levels	0.835403	0.0277505				
5	5	AdamOptimizer	FALSE	25	0.8	FALSE	100	restoreFALSE_batchs100_clip5.0_singleFALSE_testfilei4_ext_keepprob0.8_leaffc326_learningr0.003_lextrainFALSE_optADAMOPTIMIZER_rootfc0_smSIMCOSINE_state0_dataPROCESSSENTENCE3NEWSICKCMAGGREGATEONEHOTDEP_teTREEEMBEDDINGFLATAVG2LEVELS/5	1000000	/media/arne/WIN/ML/data/corpora/SICK/process_sentence3_new/SICK_cmAGGREGATE_onehotdep	326	sim_cosine		4	FALSE	0	0	0.003	TreeEmbedding_FLAT_AVG_2levels	0.840522	0.0259781				
5	5	AdamOptimizer	FALSE	25	0.8	FALSE	100	restoreFALSE_batchs100_clip5.0_singleFALSE_testfilei4_ext_keepprob0.8_leaffc0_learningr0.003_lextrainFALSE_optADAMOPTIMIZER_rootfc0_smSIMCOSINE_state74_dataPROCESSSENTENCE3BLANKEDNEWSICKCMAGGREGATEONEHOTDEP_teTREEEMBEDDINGFLATLSTM2LEVELS/5	1000000	/media/arne/WIN/ML/data/corpora/SICK/process_sentence3_blanked_new/SICK_cmAGGREGATE_onehotdep	0	sim_cosine		4	FALSE	0	74	0.003	TreeEmbedding_FLAT_LSTM_2levels	0.833771	0.0212515				
5	5	AdamOptimizer	FALSE	25	0.8	FALSE	100	restoreFALSE_batchs100_clip5.0_singleFALSE_testfilei4_ext_keepprob0.8_leaffc0_learningr0.003_lextrainFALSE_optADAMOPTIMIZER_rootfc0_smSIMCOSINE_state68_dataPROCESSSENTENCE3NEWSICKCMAGGREGATEONEHOTDEP_teTREEEMBEDDINGFLATLSTM2LEVELS/5	1000000	/media/arne/WIN/ML/data/corpora/SICK/process_sentence3_new/SICK_cmAGGREGATE_onehotdep	0	sim_cosine		4	FALSE	0	68	0.003	TreeEmbedding_FLAT_LSTM_2levels	0.838425	0.0207266				
6	5	AdamOptimizer	FALSE	25	0.8	FALSE	100	restoreFALSE_batchs100_clip5.0_singleFALSE_testfilei0_ext_keepprob0.8_leaffc370_learningr0.003_lextrainFALSE_optADAMOPTIMIZER_rootfc0_smSIMCOSINE_state0_dataPROCESSSENTENCE3BLANKEDNEWSICKCMAGGREGATEONEHOTDEP_teTREEEMBEDDINGFLATAVG2LEVELS/6	1000000	/media/arne/WIN/ML/data/corpora/SICK/process_sentence3_blanked_new/SICK_cmAGGREGATE_onehotdep	370	sim_cosine		0	FALSE	0	0	0.003	TreeEmbedding_FLAT_AVG_2levels	0.838418	0.0288531				
6	5	AdamOptimizer	FALSE	25	0.8	FALSE	100	restoreFALSE_batchs100_clip5.0_singleFALSE_testfilei0_ext_keepprob0.8_leaffc326_learningr0.003_lextrainFALSE_optADAMOPTIMIZER_rootfc0_smSIMCOSINE_state0_dataPROCESSSENTENCE3NEWSICKCMAGGREGATEONEHOTDEP_teTREEEMBEDDINGFLATAVG2LEVELS/6	1000000	/media/arne/WIN/ML/data/corpora/SICK/process_sentence3_new/SICK_cmAGGREGATE_onehotdep	326	sim_cosine		0	FALSE	0	0	0.003	TreeEmbedding_FLAT_AVG_2levels	0.839351	0.0309618				
6	5	AdamOptimizer	FALSE	25	0.8	FALSE	100	restoreFALSE_batchs100_clip5.0_singleFALSE_testfilei0_ext_keepprob0.8_leaffc0_learningr0.003_lextrainFALSE_optADAMOPTIMIZER_rootfc0_smSIMCOSINE_state74_dataPROCESSSENTENCE3BLANKEDNEWSICKCMAGGREGATEONEHOTDEP_teTREEEMBEDDINGFLATLSTM2LEVELS/6	1000000	/media/arne/WIN/ML/data/corpora/SICK/process_sentence3_blanked_new/SICK_cmAGGREGATE_onehotdep	0	sim_cosine		0	FALSE	0	74	0.003	TreeEmbedding_FLAT_LSTM_2levels	0.832268	0.0218802				
6	5	AdamOptimizer	FALSE	25	0.8	FALSE	100	restoreFALSE_batchs100_clip5.0_singleFALSE_testfilei0_ext_keepprob0.8_leaffc0_learningr0.003_lextrainFALSE_optADAMOPTIMIZER_rootfc0_smSIMCOSINE_state68_dataPROCESSSENTENCE3NEWSICKCMAGGREGATEONEHOTDEP_teTREEEMBEDDINGFLATLSTM2LEVELS/6	1000000	/media/arne/WIN/ML/data/corpora/SICK/process_sentence3_new/SICK_cmAGGREGATE_onehotdep	0	sim_cosine		0	FALSE	0	68	0.003	TreeEmbedding_FLAT_LSTM_2levels	0.832716	0.0215153				
6	5	AdamOptimizer	FALSE	25	0.8	FALSE	100	restoreFALSE_batchs100_clip5.0_singleFALSE_testfilei1_ext_keepprob0.8_leaffc370_learningr0.003_lextrainFALSE_optADAMOPTIMIZER_rootfc0_smSIMCOSINE_state0_dataPROCESSSENTENCE3BLANKEDNEWSICKCMAGGREGATEONEHOTDEP_teTREEEMBEDDINGFLATAVG2LEVELS/6	1000000	/media/arne/WIN/ML/data/corpora/SICK/process_sentence3_blanked_new/SICK_cmAGGREGATE_onehotdep	370	sim_cosine		1	FALSE	0	0	0.003	TreeEmbedding_FLAT_AVG_2levels	0.842531	0.0285037				
6	5	AdamOptimizer	FALSE	25	0.8	FALSE	100	restoreFALSE_batchs100_clip5.0_singleFALSE_testfilei1_ext_keepprob0.8_leaffc326_learningr0.003_lextrainFALSE_optADAMOPTIMIZER_rootfc0_smSIMCOSINE_state0_dataPROCESSSENTENCE3NEWSICKCMAGGREGATEONEHOTDEP_teTREEEMBEDDINGFLATAVG2LEVELS/6	1000000	/media/arne/WIN/ML/data/corpora/SICK/process_sentence3_new/SICK_cmAGGREGATE_onehotdep	326	sim_cosine		1	FALSE	0	0	0.003	TreeEmbedding_FLAT_AVG_2levels	0.842471	0.0275617				
6	5	AdamOptimizer	FALSE	25	0.8	FALSE	100	restoreFALSE_batchs100_clip5.0_singleFALSE_testfilei1_ext_keepprob0.8_leaffc0_learningr0.003_lextrainFALSE_optADAMOPTIMIZER_rootfc0_smSIMCOSINE_state74_dataPROCESSSENTENCE3BLANKEDNEWSICKCMAGGREGATEONEHOTDEP_teTREEEMBEDDINGFLATLSTM2LEVELS/6	1000000	/media/arne/WIN/ML/data/corpora/SICK/process_sentence3_blanked_new/SICK_cmAGGREGATE_onehotdep	0	sim_cosine		1	FALSE	0	74	0.003	TreeEmbedding_FLAT_LSTM_2levels	0.835313	0.0211781				
6	5	AdamOptimizer	FALSE	25	0.8	FALSE	100	restoreFALSE_batchs100_clip5.0_singleFALSE_testfilei1_ext_keepprob0.8_leaffc0_learningr0.003_lextrainFALSE_optADAMOPTIMIZER_rootfc0_smSIMCOSINE_state68_dataPROCESSSENTENCE3NEWSICKCMAGGREGATEONEHOTDEP_teTREEEMBEDDINGFLATLSTM2LEVELS/6	1000000	/media/arne/WIN/ML/data/corpora/SICK/process_sentence3_new/SICK_cmAGGREGATE_onehotdep	0	sim_cosine		1	FALSE	0	68	0.003	TreeEmbedding_FLAT_LSTM_2levels	0.837227	0.0204738				
6	5	AdamOptimizer	FALSE	25	0.8	FALSE	100	restoreFALSE_batchs100_clip5.0_singleFALSE_testfilei2_ext_keepprob0.8_leaffc370_learningr0.003_lextrainFALSE_optADAMOPTIMIZER_rootfc0_smSIMCOSINE_state0_dataPROCESSSENTENCE3BLANKEDNEWSICKCMAGGREGATEONEHOTDEP_teTREEEMBEDDINGFLATAVG2LEVELS/6	1000000	/media/arne/WIN/ML/data/corpora/SICK/process_sentence3_blanked_new/SICK_cmAGGREGATE_onehotdep	370	sim_cosine		2	FALSE	0	0	0.003	TreeEmbedding_FLAT_AVG_2levels	0.839218	0.0275943				
6	5	AdamOptimizer	FALSE	25	0.8	FALSE	100	restoreFALSE_batchs100_clip5.0_singleFALSE_testfilei2_ext_keepprob0.8_leaffc326_learningr0.003_lextrainFALSE_optADAMOPTIMIZER_rootfc0_smSIMCOSINE_state0_dataPROCESSSENTENCE3NEWSICKCMAGGREGATEONEHOTDEP_teTREEEMBEDDINGFLATAVG2LEVELS/6	1000000	/media/arne/WIN/ML/data/corpora/SICK/process_sentence3_new/SICK_cmAGGREGATE_onehotdep	326	sim_cosine		2	FALSE	0	0	0.003	TreeEmbedding_FLAT_AVG_2levels	0.841145	0.0270739				
6	5	AdamOptimizer	FALSE	25	0.8	FALSE	100	restoreFALSE_batchs100_clip5.0_singleFALSE_testfilei2_ext_keepprob0.8_leaffc0_learningr0.003_lextrainFALSE_optADAMOPTIMIZER_rootfc0_smSIMCOSINE_state74_dataPROCESSSENTENCE3BLANKEDNEWSICKCMAGGREGATEONEHOTDEP_teTREEEMBEDDINGFLATLSTM2LEVELS/6	1000000	/media/arne/WIN/ML/data/corpora/SICK/process_sentence3_blanked_new/SICK_cmAGGREGATE_onehotdep	0	sim_cosine		2	FALSE	0	74	0.003	TreeEmbedding_FLAT_LSTM_2levels	0.838935	0.0201404				
6	5	AdamOptimizer	FALSE	25	0.8	FALSE	100	restoreFALSE_batchs100_clip5.0_singleFALSE_testfilei2_ext_keepprob0.8_leaffc0_learningr0.003_lextrainFALSE_optADAMOPTIMIZER_rootfc0_smSIMCOSINE_state68_dataPROCESSSENTENCE3NEWSICKCMAGGREGATEONEHOTDEP_teTREEEMBEDDINGFLATLSTM2LEVELS/6	1000000	/media/arne/WIN/ML/data/corpora/SICK/process_sentence3_new/SICK_cmAGGREGATE_onehotdep	0	sim_cosine		2	FALSE	0	68	0.003	TreeEmbedding_FLAT_LSTM_2levels	0.839253	0.0206114				
6	5	AdamOptimizer	FALSE	25	0.8	FALSE	100	restoreFALSE_batchs100_clip5.0_singleFALSE_testfilei3_ext_keepprob0.8_leaffc370_learningr0.003_lextrainFALSE_optADAMOPTIMIZER_rootfc0_smSIMCOSINE_state0_dataPROCESSSENTENCE3BLANKEDNEWSICKCMAGGREGATEONEHOTDEP_teTREEEMBEDDINGFLATAVG2LEVELS/6	1000000	/media/arne/WIN/ML/data/corpora/SICK/process_sentence3_blanked_new/SICK_cmAGGREGATE_onehotdep	370	sim_cosine		3	FALSE	0	0	0.003	TreeEmbedding_FLAT_AVG_2levels	0.835726	0.0278906				
6	5	AdamOptimizer	FALSE	25	0.8	FALSE	100	restoreFALSE_batchs100_clip5.0_singleFALSE_testfilei3_ext_keepprob0.8_leaffc326_learningr0.003_lextrainFALSE_optADAMOPTIMIZER_rootfc0_smSIMCOSINE_state0_dataPROCESSSENTENCE3NEWSICKCMAGGREGATEONEHOTDEP_teTREEEMBEDDINGFLATAVG2LEVELS/6	1000000	/media/arne/WIN/ML/data/corpora/SICK/process_sentence3_new/SICK_cmAGGREGATE_onehotdep	326	sim_cosine		3	FALSE	0	0	0.003	TreeEmbedding_FLAT_AVG_2levels	0.839031	0.0286855				
6	5	AdamOptimizer	FALSE	25	0.8	FALSE	100	restoreFALSE_batchs100_clip5.0_singleFALSE_testfilei3_ext_keepprob0.8_leaffc0_learningr0.003_lextrainFALSE_optADAMOPTIMIZER_rootfc0_smSIMCOSINE_state74_dataPROCESSSENTENCE3BLANKEDNEWSICKCMAGGREGATEONEHOTDEP_teTREEEMBEDDINGFLATLSTM2LEVELS/6	1000000	/media/arne/WIN/ML/data/corpora/SICK/process_sentence3_blanked_new/SICK_cmAGGREGATE_onehotdep	0	sim_cosine		3	FALSE	0	74	0.003	TreeEmbedding_FLAT_LSTM_2levels	0.834958	0.0207323				
6	5	AdamOptimizer	FALSE	25	0.8	FALSE	100	restoreFALSE_batchs100_clip5.0_singleFALSE_testfilei3_ext_keepprob0.8_leaffc0_learningr0.003_lextrainFALSE_optADAMOPTIMIZER_rootfc0_smSIMCOSINE_state68_dataPROCESSSENTENCE3NEWSICKCMAGGREGATEONEHOTDEP_teTREEEMBEDDINGFLATLSTM2LEVELS/6	1000000	/media/arne/WIN/ML/data/corpora/SICK/process_sentence3_new/SICK_cmAGGREGATE_onehotdep	0	sim_cosine		3	FALSE	0	68	0.003	TreeEmbedding_FLAT_LSTM_2levels	0.835834	0.0208132				
6	5	AdamOptimizer	FALSE	25	0.8	FALSE	100	restoreFALSE_batchs100_clip5.0_singleFALSE_testfilei4_ext_keepprob0.8_leaffc370_learningr0.003_lextrainFALSE_optADAMOPTIMIZER_rootfc0_smSIMCOSINE_state0_dataPROCESSSENTENCE3BLANKEDNEWSICKCMAGGREGATEONEHOTDEP_teTREEEMBEDDINGFLATAVG2LEVELS/6	1000000	/media/arne/WIN/ML/data/corpora/SICK/process_sentence3_blanked_new/SICK_cmAGGREGATE_onehotdep	370	sim_cosine		4	FALSE	0	0	0.003	TreeEmbedding_FLAT_AVG_2levels	0.837932	0.0268751				
6	5	AdamOptimizer	FALSE	25	0.8	FALSE	100	restoreFALSE_batchs100_clip5.0_singleFALSE_testfilei4_ext_keepprob0.8_leaffc326_learningr0.003_lextrainFALSE_optADAMOPTIMIZER_rootfc0_smSIMCOSINE_state0_dataPROCESSSENTENCE3NEWSICKCMAGGREGATEONEHOTDEP_teTREEEMBEDDINGFLATAVG2LEVELS/6	1000000	/media/arne/WIN/ML/data/corpora/SICK/process_sentence3_new/SICK_cmAGGREGATE_onehotdep	326	sim_cosine		4	FALSE	0	0	0.003	TreeEmbedding_FLAT_AVG_2levels	0.84059	0.0264177				
6	5	AdamOptimizer	FALSE	25	0.8	FALSE	100	restoreFALSE_batchs100_clip5.0_singleFALSE_testfilei4_ext_keepprob0.8_leaffc0_learningr0.003_lextrainFALSE_optADAMOPTIMIZER_rootfc0_smSIMCOSINE_state74_dataPROCESSSENTENCE3BLANKEDNEWSICKCMAGGREGATEONEHOTDEP_teTREEEMBEDDINGFLATLSTM2LEVELS/6	1000000	/media/arne/WIN/ML/data/corpora/SICK/process_sentence3_blanked_new/SICK_cmAGGREGATE_onehotdep	0	sim_cosine		4	FALSE	0	74	0.003	TreeEmbedding_FLAT_LSTM_2levels	0.838423	0.0201197				
6	5	AdamOptimizer	FALSE	25	0.8	FALSE	100	restoreFALSE_batchs100_clip5.0_singleFALSE_testfilei4_ext_keepprob0.8_leaffc0_learningr0.003_lextrainFALSE_optADAMOPTIMIZER_rootfc0_smSIMCOSINE_state68_dataPROCESSSENTENCE3NEWSICKCMAGGREGATEONEHOTDEP_teTREEEMBEDDINGFLATLSTM2LEVELS/6	1000000	/media/arne/WIN/ML/data/corpora/SICK/process_sentence3_new/SICK_cmAGGREGATE_onehotdep	0	sim_cosine		4	FALSE	0	68	0.003	TreeEmbedding_FLAT_LSTM_2levels	0.839892	0.0199655				
7	5	AdamOptimizer	FALSE	25	0.8	FALSE	100	restoreFALSE_batchs100_clip5.0_singleFALSE_testfilei0_ext_keepprob0.8_leaffc370_learningr0.003_lextrainFALSE_optADAMOPTIMIZER_rootfc0_smSIMCOSINE_state0_dataPROCESSSENTENCE3BLANKEDNEWSICKCMAGGREGATEONEHOTDEP_teTREEEMBEDDINGFLATAVG2LEVELS/7	1000000	/media/arne/WIN/ML/data/corpora/SICK/process_sentence3_blanked_new/SICK_cmAGGREGATE_onehotdep	370	sim_cosine		0	FALSE	0	0	0.003	TreeEmbedding_FLAT_AVG_2levels	0.838028	0.0285409				
7	5	AdamOptimizer	FALSE	25	0.8	FALSE	100	restoreFALSE_batchs100_clip5.0_singleFALSE_testfilei0_ext_keepprob0.8_leaffc326_learningr0.003_lextrainFALSE_optADAMOPTIMIZER_rootfc0_smSIMCOSINE_state0_dataPROCESSSENTENCE3NEWSICKCMAGGREGATEONEHOTDEP_teTREEEMBEDDINGFLATAVG2LEVELS/7	1000000	/media/arne/WIN/ML/data/corpora/SICK/process_sentence3_new/SICK_cmAGGREGATE_onehotdep	326	sim_cosine		0	FALSE	0	0	0.003	TreeEmbedding_FLAT_AVG_2levels	0.841748	0.0267412				
7	5	AdamOptimizer	FALSE	25	0.8	FALSE	100	restoreFALSE_batchs100_clip5.0_singleFALSE_testfilei0_ext_keepprob0.8_leaffc0_learningr0.003_lextrainFALSE_optADAMOPTIMIZER_rootfc0_smSIMCOSINE_state74_dataPROCESSSENTENCE3BLANKEDNEWSICKCMAGGREGATEONEHOTDEP_teTREEEMBEDDINGFLATLSTM2LEVELS/7	1000000	/media/arne/WIN/ML/data/corpora/SICK/process_sentence3_blanked_new/SICK_cmAGGREGATE_onehotdep	0	sim_cosine		0	FALSE	0	74	0.003	TreeEmbedding_FLAT_LSTM_2levels	0.842763	0.0198487				
7	5	AdamOptimizer	FALSE	25	0.8	FALSE	100	restoreFALSE_batchs100_clip5.0_singleFALSE_testfilei0_ext_keepprob0.8_leaffc0_learningr0.003_lextrainFALSE_optADAMOPTIMIZER_rootfc0_smSIMCOSINE_state68_dataPROCESSSENTENCE3NEWSICKCMAGGREGATEONEHOTDEP_teTREEEMBEDDINGFLATLSTM2LEVELS/7	1000000	/media/arne/WIN/ML/data/corpora/SICK/process_sentence3_new/SICK_cmAGGREGATE_onehotdep	0	sim_cosine		0	FALSE	0	68	0.003	TreeEmbedding_FLAT_LSTM_2levels	0.832663	0.0222564				
7	5	AdamOptimizer	FALSE	25	0.8	FALSE	100	restoreFALSE_batchs100_clip5.0_singleFALSE_testfilei1_ext_keepprob0.8_leaffc370_learningr0.003_lextrainFALSE_optADAMOPTIMIZER_rootfc0_smSIMCOSINE_state0_dataPROCESSSENTENCE3BLANKEDNEWSICKCMAGGREGATEONEHOTDEP_teTREEEMBEDDINGFLATAVG2LEVELS/7	1000000	/media/arne/WIN/ML/data/corpora/SICK/process_sentence3_blanked_new/SICK_cmAGGREGATE_onehotdep	370	sim_cosine		1	FALSE	0	0	0.003	TreeEmbedding_FLAT_AVG_2levels	0.839844	0.0271693				
7	5	AdamOptimizer	FALSE	25	0.8	FALSE	100	restoreFALSE_batchs100_clip5.0_singleFALSE_testfilei1_ext_keepprob0.8_leaffc326_learningr0.003_lextrainFALSE_optADAMOPTIMIZER_rootfc0_smSIMCOSINE_state0_dataPROCESSSENTENCE3NEWSICKCMAGGREGATEONEHOTDEP_teTREEEMBEDDINGFLATAVG2LEVELS/7	1000000	/media/arne/WIN/ML/data/corpora/SICK/process_sentence3_new/SICK_cmAGGREGATE_onehotdep	326	sim_cosine		1	FALSE	0	0	0.003	TreeEmbedding_FLAT_AVG_2levels	0.841313	0.0289139				
7	5	AdamOptimizer	FALSE	25	0.8	FALSE	100	restoreFALSE_batchs100_clip5.0_singleFALSE_testfilei1_ext_keepprob0.8_leaffc0_learningr0.003_lextrainFALSE_optADAMOPTIMIZER_rootfc0_smSIMCOSINE_state74_dataPROCESSSENTENCE3BLANKEDNEWSICKCMAGGREGATEONEHOTDEP_teTREEEMBEDDINGFLATLSTM2LEVELS/7	1000000	/media/arne/WIN/ML/data/corpora/SICK/process_sentence3_blanked_new/SICK_cmAGGREGATE_onehotdep	0	sim_cosine		1	FALSE	0	74	0.003	TreeEmbedding_FLAT_LSTM_2levels	0.836721	0.0217003				
7	5	AdamOptimizer	FALSE	25	0.8	FALSE	100	restoreFALSE_batchs100_clip5.0_singleFALSE_testfilei1_ext_keepprob0.8_leaffc0_learningr0.003_lextrainFALSE_optADAMOPTIMIZER_rootfc0_smSIMCOSINE_state68_dataPROCESSSENTENCE3NEWSICKCMAGGREGATEONEHOTDEP_teTREEEMBEDDINGFLATLSTM2LEVELS/7	1000000	/media/arne/WIN/ML/data/corpora/SICK/process_sentence3_new/SICK_cmAGGREGATE_onehotdep	0	sim_cosine		1	FALSE	0	68	0.003	TreeEmbedding_FLAT_LSTM_2levels	0.83965	0.0201632				
7	5	AdamOptimizer	FALSE	25	0.8	FALSE	100	restoreFALSE_batchs100_clip5.0_singleFALSE_testfilei2_ext_keepprob0.8_leaffc370_learningr0.003_lextrainFALSE_optADAMOPTIMIZER_rootfc0_smSIMCOSINE_state0_dataPROCESSSENTENCE3BLANKEDNEWSICKCMAGGREGATEONEHOTDEP_teTREEEMBEDDINGFLATAVG2LEVELS/7	1000000	/media/arne/WIN/ML/data/corpora/SICK/process_sentence3_blanked_new/SICK_cmAGGREGATE_onehotdep	370	sim_cosine		2	FALSE	0	0	0.003	TreeEmbedding_FLAT_AVG_2levels	0.837932	0.0280196				
7	5	AdamOptimizer	FALSE	25	0.8	FALSE	100	restoreFALSE_batchs100_clip5.0_singleFALSE_testfilei2_ext_keepprob0.8_leaffc326_learningr0.003_lextrainFALSE_optADAMOPTIMIZER_rootfc0_smSIMCOSINE_state0_dataPROCESSSENTENCE3NEWSICKCMAGGREGATEONEHOTDEP_teTREEEMBEDDINGFLATAVG2LEVELS/7	1000000	/media/arne/WIN/ML/data/corpora/SICK/process_sentence3_new/SICK_cmAGGREGATE_onehotdep	326	sim_cosine		2	FALSE	0	0	0.003	TreeEmbedding_FLAT_AVG_2levels	0.842242	0.0265414				
7	5	AdamOptimizer	FALSE	25	0.8	FALSE	100	restoreFALSE_batchs100_clip5.0_singleFALSE_testfilei2_ext_keepprob0.8_leaffc0_learningr0.003_lextrainFALSE_optADAMOPTIMIZER_rootfc0_smSIMCOSINE_state74_dataPROCESSSENTENCE3BLANKEDNEWSICKCMAGGREGATEONEHOTDEP_teTREEEMBEDDINGFLATLSTM2LEVELS/7	1000000	/media/arne/WIN/ML/data/corpora/SICK/process_sentence3_blanked_new/SICK_cmAGGREGATE_onehotdep	0	sim_cosine		2	FALSE	0	74	0.003	TreeEmbedding_FLAT_LSTM_2levels	0.838807	0.0202048				
7	5	AdamOptimizer	FALSE	25	0.8	FALSE	100	restoreFALSE_batchs100_clip5.0_singleFALSE_testfilei2_ext_keepprob0.8_leaffc0_learningr0.003_lextrainFALSE_optADAMOPTIMIZER_rootfc0_smSIMCOSINE_state68_dataPROCESSSENTENCE3NEWSICKCMAGGREGATEONEHOTDEP_teTREEEMBEDDINGFLATLSTM2LEVELS/7	1000000	/media/arne/WIN/ML/data/corpora/SICK/process_sentence3_new/SICK_cmAGGREGATE_onehotdep	0	sim_cosine		2	FALSE	0	68	0.003	TreeEmbedding_FLAT_LSTM_2levels	0.837642	0.020541				
7	5	AdamOptimizer	FALSE	25	0.8	FALSE	100	restoreFALSE_batchs100_clip5.0_singleFALSE_testfilei3_ext_keepprob0.8_leaffc370_learningr0.003_lextrainFALSE_optADAMOPTIMIZER_rootfc0_smSIMCOSINE_state0_dataPROCESSSENTENCE3BLANKEDNEWSICKCMAGGREGATEONEHOTDEP_teTREEEMBEDDINGFLATAVG2LEVELS/7	1000000	/media/arne/WIN/ML/data/corpora/SICK/process_sentence3_blanked_new/SICK_cmAGGREGATE_onehotdep	370	sim_cosine		3	FALSE	0	0	0.003	TreeEmbedding_FLAT_AVG_2levels	0.837821	0.0285147				
7	5	AdamOptimizer	FALSE	25	0.8	FALSE	100	restoreFALSE_batchs100_clip5.0_singleFALSE_testfilei3_ext_keepprob0.8_leaffc326_learningr0.003_lextrainFALSE_optADAMOPTIMIZER_rootfc0_smSIMCOSINE_state0_dataPROCESSSENTENCE3NEWSICKCMAGGREGATEONEHOTDEP_teTREEEMBEDDINGFLATAVG2LEVELS/7	1000000	/media/arne/WIN/ML/data/corpora/SICK/process_sentence3_new/SICK_cmAGGREGATE_onehotdep	326	sim_cosine		3	FALSE	0	0	0.003	TreeEmbedding_FLAT_AVG_2levels	0.840081	0.0292942				
7	5	AdamOptimizer	FALSE	25	0.8	FALSE	100	restoreFALSE_batchs100_clip5.0_singleFALSE_testfilei3_ext_keepprob0.8_leaffc0_learningr0.003_lextrainFALSE_optADAMOPTIMIZER_rootfc0_smSIMCOSINE_state74_dataPROCESSSENTENCE3BLANKEDNEWSICKCMAGGREGATEONEHOTDEP_teTREEEMBEDDINGFLATLSTM2LEVELS/7	1000000	/media/arne/WIN/ML/data/corpora/SICK/process_sentence3_blanked_new/SICK_cmAGGREGATE_onehotdep	0	sim_cosine		3	FALSE	0	74	0.003	TreeEmbedding_FLAT_LSTM_2levels	0.84012	0.020113				
7	5	AdamOptimizer	FALSE	25	0.8	FALSE	100	restoreFALSE_batchs100_clip5.0_singleFALSE_testfilei3_ext_keepprob0.8_leaffc0_learningr0.003_lextrainFALSE_optADAMOPTIMIZER_rootfc0_smSIMCOSINE_state68_dataPROCESSSENTENCE3NEWSICKCMAGGREGATEONEHOTDEP_teTREEEMBEDDINGFLATLSTM2LEVELS/7	1000000	/media/arne/WIN/ML/data/corpora/SICK/process_sentence3_new/SICK_cmAGGREGATE_onehotdep	0	sim_cosine		3	FALSE	0	68	0.003	TreeEmbedding_FLAT_LSTM_2levels	0.838695	0.020348				
7	5	AdamOptimizer	FALSE	25	0.8	FALSE	100	restoreFALSE_batchs100_clip5.0_singleFALSE_testfilei4_ext_keepprob0.8_leaffc370_learningr0.003_lextrainFALSE_optADAMOPTIMIZER_rootfc0_smSIMCOSINE_state0_dataPROCESSSENTENCE3BLANKEDNEWSICKCMAGGREGATEONEHOTDEP_teTREEEMBEDDINGFLATAVG2LEVELS/7	1000000	/media/arne/WIN/ML/data/corpora/SICK/process_sentence3_blanked_new/SICK_cmAGGREGATE_onehotdep	370	sim_cosine		4	FALSE	0	0	0.003	TreeEmbedding_FLAT_AVG_2levels	0.836198	0.0272988				
7	5	AdamOptimizer	FALSE	25	0.8	FALSE	100	restoreFALSE_batchs100_clip5.0_singleFALSE_testfilei4_ext_keepprob0.8_leaffc326_learningr0.003_lextrainFALSE_optADAMOPTIMIZER_rootfc0_smSIMCOSINE_state0_dataPROCESSSENTENCE3NEWSICKCMAGGREGATEONEHOTDEP_teTREEEMBEDDINGFLATAVG2LEVELS/7	1000000	/media/arne/WIN/ML/data/corpora/SICK/process_sentence3_new/SICK_cmAGGREGATE_onehotdep	326	sim_cosine		4	FALSE	0	0	0.003	TreeEmbedding_FLAT_AVG_2levels	0.840077	0.0274396				
7	5	AdamOptimizer	FALSE	25	0.8	FALSE	100	restoreFALSE_batchs100_clip5.0_singleFALSE_testfilei4_ext_keepprob0.8_leaffc0_learningr0.003_lextrainFALSE_optADAMOPTIMIZER_rootfc0_smSIMCOSINE_state74_dataPROCESSSENTENCE3BLANKEDNEWSICKCMAGGREGATEONEHOTDEP_teTREEEMBEDDINGFLATLSTM2LEVELS/7	1000000	/media/arne/WIN/ML/data/corpora/SICK/process_sentence3_blanked_new/SICK_cmAGGREGATE_onehotdep	0	sim_cosine		4	FALSE	0	74	0.003	TreeEmbedding_FLAT_LSTM_2levels	0.832237	0.0219866				
7	5	AdamOptimizer	FALSE	25	0.8	FALSE	100	restoreFALSE_batchs100_clip5.0_singleFALSE_testfilei4_ext_keepprob0.8_leaffc0_learningr0.003_lextrainFALSE_optADAMOPTIMIZER_rootfc0_smSIMCOSINE_state68_dataPROCESSSENTENCE3NEWSICKCMAGGREGATEONEHOTDEP_teTREEEMBEDDINGFLATLSTM2LEVELS/7	1000000	/media/arne/WIN/ML/data/corpora/SICK/process_sentence3_new/SICK_cmAGGREGATE_onehotdep	0	sim_cosine		4	FALSE	0	68	0.003	TreeEmbedding_FLAT_LSTM_2levels	0.839244	0.0202827				
8	5	AdamOptimizer	FALSE	25	0.8	FALSE	100	restoreFALSE_batchs100_clip5.0_singleFALSE_testfilei0_ext_keepprob0.8_leaffc370_learningr0.003_lextrainFALSE_optADAMOPTIMIZER_rootfc0_smSIMCOSINE_state0_dataPROCESSSENTENCE3BLANKEDNEWSICKCMAGGREGATEONEHOTDEP_teTREEEMBEDDINGFLATAVG2LEVELS/8	1000000	/media/arne/WIN/ML/data/corpora/SICK/process_sentence3_blanked_new/SICK_cmAGGREGATE_onehotdep	370	sim_cosine		0	FALSE	0	0	0.003	TreeEmbedding_FLAT_AVG_2levels	0.838034	0.0290044				
8	5	AdamOptimizer	FALSE	25	0.8	FALSE	100	restoreFALSE_batchs100_clip5.0_singleFALSE_testfilei0_ext_keepprob0.8_leaffc326_learningr0.003_lextrainFALSE_optADAMOPTIMIZER_rootfc0_smSIMCOSINE_state0_dataPROCESSSENTENCE3NEWSICKCMAGGREGATEONEHOTDEP_teTREEEMBEDDINGFLATAVG2LEVELS/8	1000000	/media/arne/WIN/ML/data/corpora/SICK/process_sentence3_new/SICK_cmAGGREGATE_onehotdep	326	sim_cosine		0	FALSE	0	0	0.003	TreeEmbedding_FLAT_AVG_2levels	0.84098	0.0283587				
8	5	AdamOptimizer	FALSE	25	0.8	FALSE	100	restoreFALSE_batchs100_clip5.0_singleFALSE_testfilei0_ext_keepprob0.8_leaffc0_learningr0.003_lextrainFALSE_optADAMOPTIMIZER_rootfc0_smSIMCOSINE_state74_dataPROCESSSENTENCE3BLANKEDNEWSICKCMAGGREGATEONEHOTDEP_teTREEEMBEDDINGFLATLSTM2LEVELS/8	1000000	/media/arne/WIN/ML/data/corpora/SICK/process_sentence3_blanked_new/SICK_cmAGGREGATE_onehotdep	0	sim_cosine		0	FALSE	0	74	0.003	TreeEmbedding_FLAT_LSTM_2levels	0.834001	0.0209663				
8	5	AdamOptimizer	FALSE	25	0.8	FALSE	100	restoreFALSE_batchs100_clip5.0_singleFALSE_testfilei0_ext_keepprob0.8_leaffc0_learningr0.003_lextrainFALSE_optADAMOPTIMIZER_rootfc0_smSIMCOSINE_state68_dataPROCESSSENTENCE3NEWSICKCMAGGREGATEONEHOTDEP_teTREEEMBEDDINGFLATLSTM2LEVELS/8	1000000	/media/arne/WIN/ML/data/corpora/SICK/process_sentence3_new/SICK_cmAGGREGATE_onehotdep	0	sim_cosine		0	FALSE	0	68	0.003	TreeEmbedding_FLAT_LSTM_2levels	0.84004	0.0204684				
8	5	AdamOptimizer	FALSE	25	0.8	FALSE	100	restoreFALSE_batchs100_clip5.0_singleFALSE_testfilei1_ext_keepprob0.8_leaffc370_learningr0.003_lextrainFALSE_optADAMOPTIMIZER_rootfc0_smSIMCOSINE_state0_dataPROCESSSENTENCE3BLANKEDNEWSICKCMAGGREGATEONEHOTDEP_teTREEEMBEDDINGFLATAVG2LEVELS/8	1000000	/media/arne/WIN/ML/data/corpora/SICK/process_sentence3_blanked_new/SICK_cmAGGREGATE_onehotdep	370	sim_cosine		1	FALSE	0	0	0.003	TreeEmbedding_FLAT_AVG_2levels	0.839159	0.0268425				
8	5	AdamOptimizer	FALSE	25	0.8	FALSE	100	restoreFALSE_batchs100_clip5.0_singleFALSE_testfilei1_ext_keepprob0.8_leaffc326_learningr0.003_lextrainFALSE_optADAMOPTIMIZER_rootfc0_smSIMCOSINE_state0_dataPROCESSSENTENCE3NEWSICKCMAGGREGATEONEHOTDEP_teTREEEMBEDDINGFLATAVG2LEVELS/8	1000000	/media/arne/WIN/ML/data/corpora/SICK/process_sentence3_new/SICK_cmAGGREGATE_onehotdep	326	sim_cosine		1	FALSE	0	0	0.003	TreeEmbedding_FLAT_AVG_2levels	0.841042	0.0274473				
8	5	AdamOptimizer	FALSE	25	0.8	FALSE	100	restoreFALSE_batchs100_clip5.0_singleFALSE_testfilei1_ext_keepprob0.8_leaffc0_learningr0.003_lextrainFALSE_optADAMOPTIMIZER_rootfc0_smSIMCOSINE_state74_dataPROCESSSENTENCE3BLANKEDNEWSICKCMAGGREGATEONEHOTDEP_teTREEEMBEDDINGFLATLSTM2LEVELS/8	1000000	/media/arne/WIN/ML/data/corpora/SICK/process_sentence3_blanked_new/SICK_cmAGGREGATE_onehotdep	0	sim_cosine		1	FALSE	0	74	0.003	TreeEmbedding_FLAT_LSTM_2levels	0.837722	0.0203873				
8	5	AdamOptimizer	FALSE	25	0.8	FALSE	100	restoreFALSE_batchs100_clip5.0_singleFALSE_testfilei1_ext_keepprob0.8_leaffc0_learningr0.003_lextrainFALSE_optADAMOPTIMIZER_rootfc0_smSIMCOSINE_state68_dataPROCESSSENTENCE3NEWSICKCMAGGREGATEONEHOTDEP_teTREEEMBEDDINGFLATLSTM2LEVELS/8	1000000	/media/arne/WIN/ML/data/corpora/SICK/process_sentence3_new/SICK_cmAGGREGATE_onehotdep	0	sim_cosine		1	FALSE	0	68	0.003	TreeEmbedding_FLAT_LSTM_2levels	0.8381	0.0203122				
8	5	AdamOptimizer	FALSE	25	0.8	FALSE	100	restoreFALSE_batchs100_clip5.0_singleFALSE_testfilei2_ext_keepprob0.8_leaffc370_learningr0.003_lextrainFALSE_optADAMOPTIMIZER_rootfc0_smSIMCOSINE_state0_dataPROCESSSENTENCE3BLANKEDNEWSICKCMAGGREGATEONEHOTDEP_teTREEEMBEDDINGFLATAVG2LEVELS/8	1000000	/media/arne/WIN/ML/data/corpora/SICK/process_sentence3_blanked_new/SICK_cmAGGREGATE_onehotdep	370	sim_cosine		2	FALSE	0	0	0.003	TreeEmbedding_FLAT_AVG_2levels	0.839382	0.0276935				
8	5	AdamOptimizer	FALSE	25	0.8	FALSE	100	restoreFALSE_batchs100_clip5.0_singleFALSE_testfilei2_ext_keepprob0.8_leaffc326_learningr0.003_lextrainFALSE_optADAMOPTIMIZER_rootfc0_smSIMCOSINE_state0_dataPROCESSSENTENCE3NEWSICKCMAGGREGATEONEHOTDEP_teTREEEMBEDDINGFLATAVG2LEVELS/8	1000000	/media/arne/WIN/ML/data/corpora/SICK/process_sentence3_new/SICK_cmAGGREGATE_onehotdep	326	sim_cosine		2	FALSE	0	0	0.003	TreeEmbedding_FLAT_AVG_2levels	0.843053	0.0260441				
8	5	AdamOptimizer	FALSE	25	0.8	FALSE	100	restoreFALSE_batchs100_clip5.0_singleFALSE_testfilei2_ext_keepprob0.8_leaffc0_learningr0.003_lextrainFALSE_optADAMOPTIMIZER_rootfc0_smSIMCOSINE_state74_dataPROCESSSENTENCE3BLANKEDNEWSICKCMAGGREGATEONEHOTDEP_teTREEEMBEDDINGFLATLSTM2LEVELS/8	1000000	/media/arne/WIN/ML/data/corpora/SICK/process_sentence3_blanked_new/SICK_cmAGGREGATE_onehotdep	0	sim_cosine		2	FALSE	0	74	0.003	TreeEmbedding_FLAT_LSTM_2levels	0.836966	0.0204822				
8	5	AdamOptimizer	FALSE	25	0.8	FALSE	100	restoreFALSE_batchs100_clip5.0_singleFALSE_testfilei2_ext_keepprob0.8_leaffc0_learningr0.003_lextrainFALSE_optADAMOPTIMIZER_rootfc0_smSIMCOSINE_state68_dataPROCESSSENTENCE3NEWSICKCMAGGREGATEONEHOTDEP_teTREEEMBEDDINGFLATLSTM2LEVELS/8	1000000	/media/arne/WIN/ML/data/corpora/SICK/process_sentence3_new/SICK_cmAGGREGATE_onehotdep	0	sim_cosine		2	FALSE	0	68	0.003	TreeEmbedding_FLAT_LSTM_2levels	0.834248	0.0212196				
8	5	AdamOptimizer	FALSE	25	0.8	FALSE	100	restoreFALSE_batchs100_clip5.0_singleFALSE_testfilei3_ext_keepprob0.8_leaffc370_learningr0.003_lextrainFALSE_optADAMOPTIMIZER_rootfc0_smSIMCOSINE_state0_dataPROCESSSENTENCE3BLANKEDNEWSICKCMAGGREGATEONEHOTDEP_teTREEEMBEDDINGFLATAVG2LEVELS/8	1000000	/media/arne/WIN/ML/data/corpora/SICK/process_sentence3_blanked_new/SICK_cmAGGREGATE_onehotdep	370	sim_cosine		3	FALSE	0	0	0.003	TreeEmbedding_FLAT_AVG_2levels	0.836521	0.0298044				
8	5	AdamOptimizer	FALSE	25	0.8	FALSE	100	restoreFALSE_batchs100_clip5.0_singleFALSE_testfilei3_ext_keepprob0.8_leaffc326_learningr0.003_lextrainFALSE_optADAMOPTIMIZER_rootfc0_smSIMCOSINE_state0_dataPROCESSSENTENCE3NEWSICKCMAGGREGATEONEHOTDEP_teTREEEMBEDDINGFLATAVG2LEVELS/8	1000000	/media/arne/WIN/ML/data/corpora/SICK/process_sentence3_new/SICK_cmAGGREGATE_onehotdep	326	sim_cosine		3	FALSE	0	0	0.003	TreeEmbedding_FLAT_AVG_2levels	0.8363	0.0267397				
8	5	AdamOptimizer	FALSE	25	0.8	FALSE	100	restoreFALSE_batchs100_clip5.0_singleFALSE_testfilei3_ext_keepprob0.8_leaffc0_learningr0.003_lextrainFALSE_optADAMOPTIMIZER_rootfc0_smSIMCOSINE_state74_dataPROCESSSENTENCE3BLANKEDNEWSICKCMAGGREGATEONEHOTDEP_teTREEEMBEDDINGFLATLSTM2LEVELS/8	1000000	/media/arne/WIN/ML/data/corpora/SICK/process_sentence3_blanked_new/SICK_cmAGGREGATE_onehotdep	0	sim_cosine		3	FALSE	0	74	0.003	TreeEmbedding_FLAT_LSTM_2levels	0.838574	0.0201298				
8	5	AdamOptimizer	FALSE	25	0.8	FALSE	100	restoreFALSE_batchs100_clip5.0_singleFALSE_testfilei3_ext_keepprob0.8_leaffc0_learningr0.003_lextrainFALSE_optADAMOPTIMIZER_rootfc0_smSIMCOSINE_state68_dataPROCESSSENTENCE3NEWSICKCMAGGREGATEONEHOTDEP_teTREEEMBEDDINGFLATLSTM2LEVELS/8	1000000	/media/arne/WIN/ML/data/corpora/SICK/process_sentence3_new/SICK_cmAGGREGATE_onehotdep	0	sim_cosine		3	FALSE	0	68	0.003	TreeEmbedding_FLAT_LSTM_2levels	0.840445	0.0203299				
8	5	AdamOptimizer	FALSE	25	0.8	FALSE	100	restoreFALSE_batchs100_clip5.0_singleFALSE_testfilei4_ext_keepprob0.8_leaffc370_learningr0.003_lextrainFALSE_optADAMOPTIMIZER_rootfc0_smSIMCOSINE_state0_dataPROCESSSENTENCE3BLANKEDNEWSICKCMAGGREGATEONEHOTDEP_teTREEEMBEDDINGFLATAVG2LEVELS/8	1000000	/media/arne/WIN/ML/data/corpora/SICK/process_sentence3_blanked_new/SICK_cmAGGREGATE_onehotdep	370	sim_cosine		4	FALSE	0	0	0.003	TreeEmbedding_FLAT_AVG_2levels	0.839243	0.0267682				
8	5	AdamOptimizer	FALSE	25	0.8	FALSE	100	restoreFALSE_batchs100_clip5.0_singleFALSE_testfilei4_ext_keepprob0.8_leaffc326_learningr0.003_lextrainFALSE_optADAMOPTIMIZER_rootfc0_smSIMCOSINE_state0_dataPROCESSSENTENCE3NEWSICKCMAGGREGATEONEHOTDEP_teTREEEMBEDDINGFLATAVG2LEVELS/8	1000000	/media/arne/WIN/ML/data/corpora/SICK/process_sentence3_new/SICK_cmAGGREGATE_onehotdep	326	sim_cosine		4	FALSE	0	0	0.003	TreeEmbedding_FLAT_AVG_2levels	0.840572	0.0264214				
8	5	AdamOptimizer	FALSE	25	0.8	FALSE	100	restoreFALSE_batchs100_clip5.0_singleFALSE_testfilei4_ext_keepprob0.8_leaffc0_learningr0.003_lextrainFALSE_optADAMOPTIMIZER_rootfc0_smSIMCOSINE_state74_dataPROCESSSENTENCE3BLANKEDNEWSICKCMAGGREGATEONEHOTDEP_teTREEEMBEDDINGFLATLSTM2LEVELS/8	1000000	/media/arne/WIN/ML/data/corpora/SICK/process_sentence3_blanked_new/SICK_cmAGGREGATE_onehotdep	0	sim_cosine		4	FALSE	0	74	0.003	TreeEmbedding_FLAT_LSTM_2levels	0.837782	0.0204587				
8	5	AdamOptimizer	FALSE	25	0.8	FALSE	100	restoreFALSE_batchs100_clip5.0_singleFALSE_testfilei4_ext_keepprob0.8_leaffc0_learningr0.003_lextrainFALSE_optADAMOPTIMIZER_rootfc0_smSIMCOSINE_state68_dataPROCESSSENTENCE3NEWSICKCMAGGREGATEONEHOTDEP_teTREEEMBEDDINGFLATLSTM2LEVELS/8	1000000	/media/arne/WIN/ML/data/corpora/SICK/process_sentence3_new/SICK_cmAGGREGATE_onehotdep	0	sim_cosine		4	FALSE	0	68	0.003	TreeEmbedding_FLAT_LSTM_2levels	0.83827	0.0203244				
9	5	AdamOptimizer	FALSE	25	0.8	FALSE	100	restoreFALSE_batchs100_clip5.0_singleFALSE_testfilei0_ext_keepprob0.8_leaffc370_learningr0.003_lextrainFALSE_optADAMOPTIMIZER_rootfc0_smSIMCOSINE_state0_dataPROCESSSENTENCE3BLANKEDNEWSICKCMAGGREGATEONEHOTDEP_teTREEEMBEDDINGFLATAVG2LEVELS/9	1000000	/media/arne/WIN/ML/data/corpora/SICK/process_sentence3_blanked_new/SICK_cmAGGREGATE_onehotdep	370	sim_cosine		0	FALSE	0	0	0.003	TreeEmbedding_FLAT_AVG_2levels	0.839721	0.0262701				
9	5	AdamOptimizer	FALSE	25	0.8	FALSE	100	restoreFALSE_batchs100_clip5.0_singleFALSE_testfilei0_ext_keepprob0.8_leaffc326_learningr0.003_lextrainFALSE_optADAMOPTIMIZER_rootfc0_smSIMCOSINE_state0_dataPROCESSSENTENCE3NEWSICKCMAGGREGATEONEHOTDEP_teTREEEMBEDDINGFLATAVG2LEVELS/9	1000000	/media/arne/WIN/ML/data/corpora/SICK/process_sentence3_new/SICK_cmAGGREGATE_onehotdep	326	sim_cosine		0	FALSE	0	0	0.003	TreeEmbedding_FLAT_AVG_2levels	0.842161	0.0272201				
9	5	AdamOptimizer	FALSE	25	0.8	FALSE	100	restoreFALSE_batchs100_clip5.0_singleFALSE_testfilei0_ext_keepprob0.8_leaffc0_learningr0.003_lextrainFALSE_optADAMOPTIMIZER_rootfc0_smSIMCOSINE_state74_dataPROCESSSENTENCE3BLANKEDNEWSICKCMAGGREGATEONEHOTDEP_teTREEEMBEDDINGFLATLSTM2LEVELS/9	1000000	/media/arne/WIN/ML/data/corpora/SICK/process_sentence3_blanked_new/SICK_cmAGGREGATE_onehotdep	0	sim_cosine		0	FALSE	0	74	0.003	TreeEmbedding_FLAT_LSTM_2levels	0.832801	0.021485				
9	5	AdamOptimizer	FALSE	25	0.8	FALSE	100	restoreFALSE_batchs100_clip5.0_singleFALSE_testfilei0_ext_keepprob0.8_leaffc0_learningr0.003_lextrainFALSE_optADAMOPTIMIZER_rootfc0_smSIMCOSINE_state68_dataPROCESSSENTENCE3NEWSICKCMAGGREGATEONEHOTDEP_teTREEEMBEDDINGFLATLSTM2LEVELS/9	1000000	/media/arne/WIN/ML/data/corpora/SICK/process_sentence3_new/SICK_cmAGGREGATE_onehotdep	0	sim_cosine		0	FALSE	0	68	0.003	TreeEmbedding_FLAT_LSTM_2levels	0.836276	0.0205273				
9	5	AdamOptimizer	FALSE	25	0.8	FALSE	100	restoreFALSE_batchs100_clip5.0_singleFALSE_testfilei1_ext_keepprob0.8_leaffc370_learningr0.003_lextrainFALSE_optADAMOPTIMIZER_rootfc0_smSIMCOSINE_state0_dataPROCESSSENTENCE3BLANKEDNEWSICKCMAGGREGATEONEHOTDEP_teTREEEMBEDDINGFLATAVG2LEVELS/9	1000000	/media/arne/WIN/ML/data/corpora/SICK/process_sentence3_blanked_new/SICK_cmAGGREGATE_onehotdep	370	sim_cosine		1	FALSE	0	0	0.003	TreeEmbedding_FLAT_AVG_2levels	0.841511	0.0294532				
9	5	AdamOptimizer	FALSE	25	0.8	FALSE	100	restoreFALSE_batchs100_clip5.0_singleFALSE_testfilei1_ext_keepprob0.8_leaffc326_learningr0.003_lextrainFALSE_optADAMOPTIMIZER_rootfc0_smSIMCOSINE_state0_dataPROCESSSENTENCE3NEWSICKCMAGGREGATEONEHOTDEP_teTREEEMBEDDINGFLATAVG2LEVELS/9	1000000	/media/arne/WIN/ML/data/corpora/SICK/process_sentence3_new/SICK_cmAGGREGATE_onehotdep	326	sim_cosine		1	FALSE	0	0	0.003	TreeEmbedding_FLAT_AVG_2levels	0.841221	0.0286532				
9	5	AdamOptimizer	FALSE	25	0.8	FALSE	100	restoreFALSE_batchs100_clip5.0_singleFALSE_testfilei1_ext_keepprob0.8_leaffc0_learningr0.003_lextrainFALSE_optADAMOPTIMIZER_rootfc0_smSIMCOSINE_state74_dataPROCESSSENTENCE3BLANKEDNEWSICKCMAGGREGATEONEHOTDEP_teTREEEMBEDDINGFLATLSTM2LEVELS/9	1000000	/media/arne/WIN/ML/data/corpora/SICK/process_sentence3_blanked_new/SICK_cmAGGREGATE_onehotdep	0	sim_cosine		1	FALSE	0	74	0.003	TreeEmbedding_FLAT_LSTM_2levels	0.838523	0.0204183				
9	5	AdamOptimizer	FALSE	25	0.8	FALSE	100	restoreFALSE_batchs100_clip5.0_singleFALSE_testfilei1_ext_keepprob0.8_leaffc0_learningr0.003_lextrainFALSE_optADAMOPTIMIZER_rootfc0_smSIMCOSINE_state68_dataPROCESSSENTENCE3NEWSICKCMAGGREGATEONEHOTDEP_teTREEEMBEDDINGFLATLSTM2LEVELS/9	1000000	/media/arne/WIN/ML/data/corpora/SICK/process_sentence3_new/SICK_cmAGGREGATE_onehotdep	0	sim_cosine		1	FALSE	0	68	0.003	TreeEmbedding_FLAT_LSTM_2levels	0.841442	0.0197399				
9	5	AdamOptimizer	FALSE	25	0.8	FALSE	100	restoreFALSE_batchs100_clip5.0_singleFALSE_testfilei2_ext_keepprob0.8_leaffc370_learningr0.003_lextrainFALSE_optADAMOPTIMIZER_rootfc0_smSIMCOSINE_state0_dataPROCESSSENTENCE3BLANKEDNEWSICKCMAGGREGATEONEHOTDEP_teTREEEMBEDDINGFLATAVG2LEVELS/9	1000000	/media/arne/WIN/ML/data/corpora/SICK/process_sentence3_blanked_new/SICK_cmAGGREGATE_onehotdep	370	sim_cosine		2	FALSE	0	0	0.003	TreeEmbedding_FLAT_AVG_2levels	0.840664	0.0283012				
9	5	AdamOptimizer	FALSE	25	0.8	FALSE	100	restoreFALSE_batchs100_clip5.0_singleFALSE_testfilei2_ext_keepprob0.8_leaffc326_learningr0.003_lextrainFALSE_optADAMOPTIMIZER_rootfc0_smSIMCOSINE_state0_dataPROCESSSENTENCE3NEWSICKCMAGGREGATEONEHOTDEP_teTREEEMBEDDINGFLATAVG2LEVELS/9	1000000	/media/arne/WIN/ML/data/corpora/SICK/process_sentence3_new/SICK_cmAGGREGATE_onehotdep	326	sim_cosine		2	FALSE	0	0	0.003	TreeEmbedding_FLAT_AVG_2levels	0.84254	0.0280204				
9	5	AdamOptimizer	FALSE	25	0.8	FALSE	100	restoreFALSE_batchs100_clip5.0_singleFALSE_testfilei2_ext_keepprob0.8_leaffc0_learningr0.003_lextrainFALSE_optADAMOPTIMIZER_rootfc0_smSIMCOSINE_state74_dataPROCESSSENTENCE3BLANKEDNEWSICKCMAGGREGATEONEHOTDEP_teTREEEMBEDDINGFLATLSTM2LEVELS/9	1000000	/media/arne/WIN/ML/data/corpora/SICK/process_sentence3_blanked_new/SICK_cmAGGREGATE_onehotdep	0	sim_cosine		2	FALSE	0	74	0.003	TreeEmbedding_FLAT_LSTM_2levels	0.843972	0.0197102				
9	5	AdamOptimizer	FALSE	25	0.8	FALSE	100	restoreFALSE_batchs100_clip5.0_singleFALSE_testfilei2_ext_keepprob0.8_leaffc0_learningr0.003_lextrainFALSE_optADAMOPTIMIZER_rootfc0_smSIMCOSINE_state68_dataPROCESSSENTENCE3NEWSICKCMAGGREGATEONEHOTDEP_teTREEEMBEDDINGFLATLSTM2LEVELS/9	1000000	/media/arne/WIN/ML/data/corpora/SICK/process_sentence3_new/SICK_cmAGGREGATE_onehotdep	0	sim_cosine		2	FALSE	0	68	0.003	TreeEmbedding_FLAT_LSTM_2levels	0.83989	0.0205615				
9	5	AdamOptimizer	FALSE	25	0.8	FALSE	100	restoreFALSE_batchs100_clip5.0_singleFALSE_testfilei3_ext_keepprob0.8_leaffc370_learningr0.003_lextrainFALSE_optADAMOPTIMIZER_rootfc0_smSIMCOSINE_state0_dataPROCESSSENTENCE3BLANKEDNEWSICKCMAGGREGATEONEHOTDEP_teTREEEMBEDDINGFLATAVG2LEVELS/9	1000000	/media/arne/WIN/ML/data/corpora/SICK/process_sentence3_blanked_new/SICK_cmAGGREGATE_onehotdep	370	sim_cosine		3	FALSE	0	0	0.003	TreeEmbedding_FLAT_AVG_2levels	0.837867	0.030108				
9	5	AdamOptimizer	FALSE	25	0.8	FALSE	100	restoreFALSE_batchs100_clip5.0_singleFALSE_testfilei3_ext_keepprob0.8_leaffc326_learningr0.003_lextrainFALSE_optADAMOPTIMIZER_rootfc0_smSIMCOSINE_state0_dataPROCESSSENTENCE3NEWSICKCMAGGREGATEONEHOTDEP_teTREEEMBEDDINGFLATAVG2LEVELS/9	1000000	/media/arne/WIN/ML/data/corpora/SICK/process_sentence3_new/SICK_cmAGGREGATE_onehotdep	326	sim_cosine		3	FALSE	0	0	0.003	TreeEmbedding_FLAT_AVG_2levels	0.838924	0.0253205				
9	5	AdamOptimizer	FALSE	25	0.8	FALSE	100	restoreFALSE_batchs100_clip5.0_singleFALSE_testfilei3_ext_keepprob0.8_leaffc0_learningr0.003_lextrainFALSE_optADAMOPTIMIZER_rootfc0_smSIMCOSINE_state74_dataPROCESSSENTENCE3BLANKEDNEWSICKCMAGGREGATEONEHOTDEP_teTREEEMBEDDINGFLATLSTM2LEVELS/9	1000000	/media/arne/WIN/ML/data/corpora/SICK/process_sentence3_blanked_new/SICK_cmAGGREGATE_onehotdep	0	sim_cosine		3	FALSE	0	74	0.003	TreeEmbedding_FLAT_LSTM_2levels	0.834842	0.0207228				
9	5	AdamOptimizer	FALSE	25	0.8	FALSE	100	restoreFALSE_batchs100_clip5.0_singleFALSE_testfilei3_ext_keepprob0.8_leaffc0_learningr0.003_lextrainFALSE_optADAMOPTIMIZER_rootfc0_smSIMCOSINE_state68_dataPROCESSSENTENCE3NEWSICKCMAGGREGATEONEHOTDEP_teTREEEMBEDDINGFLATLSTM2LEVELS/9	1000000	/media/arne/WIN/ML/data/corpora/SICK/process_sentence3_new/SICK_cmAGGREGATE_onehotdep	0	sim_cosine		3	FALSE	0	68	0.003	TreeEmbedding_FLAT_LSTM_2levels	0.836615	0.0205646				
9	5	AdamOptimizer	FALSE	25	0.8	FALSE	100	restoreFALSE_batchs100_clip5.0_singleFALSE_testfilei4_ext_keepprob0.8_leaffc370_learningr0.003_lextrainFALSE_optADAMOPTIMIZER_rootfc0_smSIMCOSINE_state0_dataPROCESSSENTENCE3BLANKEDNEWSICKCMAGGREGATEONEHOTDEP_teTREEEMBEDDINGFLATAVG2LEVELS/9	1000000	/media/arne/WIN/ML/data/corpora/SICK/process_sentence3_blanked_new/SICK_cmAGGREGATE_onehotdep	370	sim_cosine		4	FALSE	0	0	0.003	TreeEmbedding_FLAT_AVG_2levels	0.837321	0.0285537				
9	5	AdamOptimizer	FALSE	25	0.8	FALSE	100	restoreFALSE_batchs100_clip5.0_singleFALSE_testfilei4_ext_keepprob0.8_leaffc326_learningr0.003_lextrainFALSE_optADAMOPTIMIZER_rootfc0_smSIMCOSINE_state0_dataPROCESSSENTENCE3NEWSICKCMAGGREGATEONEHOTDEP_teTREEEMBEDDINGFLATAVG2LEVELS/9	1000000	/media/arne/WIN/ML/data/corpora/SICK/process_sentence3_new/SICK_cmAGGREGATE_onehotdep	326	sim_cosine		4	FALSE	0	0	0.003	TreeEmbedding_FLAT_AVG_2levels	0.84201	0.0275956				
9	5	AdamOptimizer	FALSE	25	0.8	FALSE	100	restoreFALSE_batchs100_clip5.0_singleFALSE_testfilei4_ext_keepprob0.8_leaffc0_learningr0.003_lextrainFALSE_optADAMOPTIMIZER_rootfc0_smSIMCOSINE_state74_dataPROCESSSENTENCE3BLANKEDNEWSICKCMAGGREGATEONEHOTDEP_teTREEEMBEDDINGFLATLSTM2LEVELS/9	1000000	/media/arne/WIN/ML/data/corpora/SICK/process_sentence3_blanked_new/SICK_cmAGGREGATE_onehotdep	0	sim_cosine		4	FALSE	0	74	0.003	TreeEmbedding_FLAT_LSTM_2levels	0.836212	0.0204855				
9	5	AdamOptimizer	FALSE	25	0.8	FALSE	100	restoreFALSE_batchs100_clip5.0_singleFALSE_testfilei4_ext_keepprob0.8_leaffc0_learningr0.003_lextrainFALSE_optADAMOPTIMIZER_rootfc0_smSIMCOSINE_state68_dataPROCESSSENTENCE3NEWSICKCMAGGREGATEONEHOTDEP_teTREEEMBEDDINGFLATLSTM2LEVELS/9	1000000	/media/arne/WIN/ML/data/corpora/SICK/process_sentence3_new/SICK_cmAGGREGATE_onehotdep	0	sim_cosine		4	FALSE	0	68	0.003	TreeEmbedding_FLAT_LSTM_2levels	0.841698	0.0199508
