crossfold_id	clipping	optimizer	early_stop_queue	keep_prob	train_data_path	batch_size	state_size	leaf_fc_size	dev_file_index	root_fc_size	learning_rate	tree_embedder	score_dev_best	score_test	run_description
0	5	AdamOptimizer	25	0.8	/media/arne/WIN/ML/data/corpora/SICK/process_sentence3_new/SICK_cmAGGREGATE_onehotdep	100	68	0	0	0	0.003	TreeEmbedding_FLAT_LSTM_2levels	0.844828	0.839254	restoreFALSE_batchs100_clip5.0_singleFALSE_testfilei0_ext_keepprob0.8_leaffc0_learningr0.003_lextrainFALSE_optADAMOPTIMIZER_rootfc0_smSIMCOSINE_state68_dataPROCESSSENTENCE3NEWSICKCMAGGREGATEONEHOTDEP_teTREEEMBEDDINGFLATLSTM2LEVELS/0
0	5	AdamOptimizer	25	0.8	/media/arne/WIN/ML/data/corpora/SICK/process_sentence3_new/SICK_cmAGGREGATE_onehotdep	100	68	0	1	0	0.003	TreeEmbedding_FLAT_LSTM_2levels	0.843773	0.83931	restoreFALSE_batchs100_clip5.0_singleFALSE_testfilei1_ext_keepprob0.8_leaffc0_learningr0.003_lextrainFALSE_optADAMOPTIMIZER_rootfc0_smSIMCOSINE_state68_dataPROCESSSENTENCE3NEWSICKCMAGGREGATEONEHOTDEP_teTREEEMBEDDINGFLATLSTM2LEVELS/0
0	5	AdamOptimizer	25	0.8	/media/arne/WIN/ML/data/corpora/SICK/process_sentence3_new/SICK_cmAGGREGATE_onehotdep	100	68	0	2	0	0.003	TreeEmbedding_FLAT_LSTM_2levels	0.858302	0.839911	restoreFALSE_batchs100_clip5.0_singleFALSE_testfilei2_ext_keepprob0.8_leaffc0_learningr0.003_lextrainFALSE_optADAMOPTIMIZER_rootfc0_smSIMCOSINE_state68_dataPROCESSSENTENCE3NEWSICKCMAGGREGATEONEHOTDEP_teTREEEMBEDDINGFLATLSTM2LEVELS/0
0	5	AdamOptimizer	25	0.8	/media/arne/WIN/ML/data/corpora/SICK/process_sentence3_new/SICK_cmAGGREGATE_onehotdep	100	68	0	3	0	0.003	TreeEmbedding_FLAT_LSTM_2levels	0.835662	0.831241	restoreFALSE_batchs100_clip5.0_singleFALSE_testfilei3_ext_keepprob0.8_leaffc0_learningr0.003_lextrainFALSE_optADAMOPTIMIZER_rootfc0_smSIMCOSINE_state68_dataPROCESSSENTENCE3NEWSICKCMAGGREGATEONEHOTDEP_teTREEEMBEDDINGFLATLSTM2LEVELS/0
0	5	AdamOptimizer	25	0.8	/media/arne/WIN/ML/data/corpora/SICK/process_sentence3_new/SICK_cmAGGREGATE_onehotdep	100	68	0	4	0	0.003	TreeEmbedding_FLAT_LSTM_2levels	0.860294	0.83696	restoreFALSE_batchs100_clip5.0_singleFALSE_testfilei4_ext_keepprob0.8_leaffc0_learningr0.003_lextrainFALSE_optADAMOPTIMIZER_rootfc0_smSIMCOSINE_state68_dataPROCESSSENTENCE3NEWSICKCMAGGREGATEONEHOTDEP_teTREEEMBEDDINGFLATLSTM2LEVELS/0
1	5	AdamOptimizer	25	0.8	/media/arne/WIN/ML/data/corpora/SICK/process_sentence3_new/SICK_cmAGGREGATE_onehotdep	100	68	0	0	0	0.003	TreeEmbedding_FLAT_LSTM_2levels	0.830682	0.833624	restoreFALSE_batchs100_clip5.0_singleFALSE_testfilei0_ext_keepprob0.8_leaffc0_learningr0.003_lextrainFALSE_optADAMOPTIMIZER_rootfc0_smSIMCOSINE_state68_dataPROCESSSENTENCE3NEWSICKCMAGGREGATEONEHOTDEP_teTREEEMBEDDINGFLATLSTM2LEVELS/1
1	5	AdamOptimizer	25	0.8	/media/arne/WIN/ML/data/corpora/SICK/process_sentence3_new/SICK_cmAGGREGATE_onehotdep	100	68	0	1	0	0.003	TreeEmbedding_FLAT_LSTM_2levels	0.841132	0.837838	restoreFALSE_batchs100_clip5.0_singleFALSE_testfilei1_ext_keepprob0.8_leaffc0_learningr0.003_lextrainFALSE_optADAMOPTIMIZER_rootfc0_smSIMCOSINE_state68_dataPROCESSSENTENCE3NEWSICKCMAGGREGATEONEHOTDEP_teTREEEMBEDDINGFLATLSTM2LEVELS/1
1	5	AdamOptimizer	25	0.8	/media/arne/WIN/ML/data/corpora/SICK/process_sentence3_new/SICK_cmAGGREGATE_onehotdep	100	68	0	2	0	0.003	TreeEmbedding_FLAT_LSTM_2levels	0.853065	0.840332	restoreFALSE_batchs100_clip5.0_singleFALSE_testfilei2_ext_keepprob0.8_leaffc0_learningr0.003_lextrainFALSE_optADAMOPTIMIZER_rootfc0_smSIMCOSINE_state68_dataPROCESSSENTENCE3NEWSICKCMAGGREGATEONEHOTDEP_teTREEEMBEDDINGFLATLSTM2LEVELS/1
1	5	AdamOptimizer	25	0.8	/media/arne/WIN/ML/data/corpora/SICK/process_sentence3_new/SICK_cmAGGREGATE_onehotdep	100	68	0	3	0	0.003	TreeEmbedding_FLAT_LSTM_2levels	0.839592	0.840797	restoreFALSE_batchs100_clip5.0_singleFALSE_testfilei3_ext_keepprob0.8_leaffc0_learningr0.003_lextrainFALSE_optADAMOPTIMIZER_rootfc0_smSIMCOSINE_state68_dataPROCESSSENTENCE3NEWSICKCMAGGREGATEONEHOTDEP_teTREEEMBEDDINGFLATLSTM2LEVELS/1
1	5	AdamOptimizer	25	0.8	/media/arne/WIN/ML/data/corpora/SICK/process_sentence3_new/SICK_cmAGGREGATE_onehotdep	100	68	0	4	0	0.003	TreeEmbedding_FLAT_LSTM_2levels	0.863516	0.83651	restoreFALSE_batchs100_clip5.0_singleFALSE_testfilei4_ext_keepprob0.8_leaffc0_learningr0.003_lextrainFALSE_optADAMOPTIMIZER_rootfc0_smSIMCOSINE_state68_dataPROCESSSENTENCE3NEWSICKCMAGGREGATEONEHOTDEP_teTREEEMBEDDINGFLATLSTM2LEVELS/1
2	5	AdamOptimizer	25	0.8	/media/arne/WIN/ML/data/corpora/SICK/process_sentence3_new/SICK_cmAGGREGATE_onehotdep	100	68	0	0	0	0.003	TreeEmbedding_FLAT_LSTM_2levels	0.842043	0.837366	restoreFALSE_batchs100_clip5.0_singleFALSE_testfilei0_ext_keepprob0.8_leaffc0_learningr0.003_lextrainFALSE_optADAMOPTIMIZER_rootfc0_smSIMCOSINE_state68_dataPROCESSSENTENCE3NEWSICKCMAGGREGATEONEHOTDEP_teTREEEMBEDDINGFLATLSTM2LEVELS/2
2	5	AdamOptimizer	25	0.8	/media/arne/WIN/ML/data/corpora/SICK/process_sentence3_new/SICK_cmAGGREGATE_onehotdep	100	68	0	1	0	0.003	TreeEmbedding_FLAT_LSTM_2levels	0.840754	0.839278	restoreFALSE_batchs100_clip5.0_singleFALSE_testfilei1_ext_keepprob0.8_leaffc0_learningr0.003_lextrainFALSE_optADAMOPTIMIZER_rootfc0_smSIMCOSINE_state68_dataPROCESSSENTENCE3NEWSICKCMAGGREGATEONEHOTDEP_teTREEEMBEDDINGFLATLSTM2LEVELS/2
2	5	AdamOptimizer	25	0.8	/media/arne/WIN/ML/data/corpora/SICK/process_sentence3_new/SICK_cmAGGREGATE_onehotdep	100	68	0	2	0	0.003	TreeEmbedding_FLAT_LSTM_2levels	0.861061	0.842259	restoreFALSE_batchs100_clip5.0_singleFALSE_testfilei2_ext_keepprob0.8_leaffc0_learningr0.003_lextrainFALSE_optADAMOPTIMIZER_rootfc0_smSIMCOSINE_state68_dataPROCESSSENTENCE3NEWSICKCMAGGREGATEONEHOTDEP_teTREEEMBEDDINGFLATLSTM2LEVELS/2
2	5	AdamOptimizer	25	0.8	/media/arne/WIN/ML/data/corpora/SICK/process_sentence3_new/SICK_cmAGGREGATE_onehotdep	100	68	0	3	0	0.003	TreeEmbedding_FLAT_LSTM_2levels	0.842728	0.837552	restoreFALSE_batchs100_clip5.0_singleFALSE_testfilei3_ext_keepprob0.8_leaffc0_learningr0.003_lextrainFALSE_optADAMOPTIMIZER_rootfc0_smSIMCOSINE_state68_dataPROCESSSENTENCE3NEWSICKCMAGGREGATEONEHOTDEP_teTREEEMBEDDINGFLATLSTM2LEVELS/2
2	5	AdamOptimizer	25	0.8	/media/arne/WIN/ML/data/corpora/SICK/process_sentence3_new/SICK_cmAGGREGATE_onehotdep	100	68	0	4	0	0.003	TreeEmbedding_FLAT_LSTM_2levels	0.865565	0.838057	restoreFALSE_batchs100_clip5.0_singleFALSE_testfilei4_ext_keepprob0.8_leaffc0_learningr0.003_lextrainFALSE_optADAMOPTIMIZER_rootfc0_smSIMCOSINE_state68_dataPROCESSSENTENCE3NEWSICKCMAGGREGATEONEHOTDEP_teTREEEMBEDDINGFLATLSTM2LEVELS/2
3	5	AdamOptimizer	25	0.8	/media/arne/WIN/ML/data/corpora/SICK/process_sentence3_new/SICK_cmAGGREGATE_onehotdep	100	68	0	0	0	0.003	TreeEmbedding_FLAT_LSTM_2levels	0.838747	0.838589	restoreFALSE_batchs100_clip5.0_singleFALSE_testfilei0_ext_keepprob0.8_leaffc0_learningr0.003_lextrainFALSE_optADAMOPTIMIZER_rootfc0_smSIMCOSINE_state68_dataPROCESSSENTENCE3NEWSICKCMAGGREGATEONEHOTDEP_teTREEEMBEDDINGFLATLSTM2LEVELS/3
3	5	AdamOptimizer	25	0.8	/media/arne/WIN/ML/data/corpora/SICK/process_sentence3_new/SICK_cmAGGREGATE_onehotdep	100	68	0	1	0	0.003	TreeEmbedding_FLAT_LSTM_2levels	0.833676	0.833261	restoreFALSE_batchs100_clip5.0_singleFALSE_testfilei1_ext_keepprob0.8_leaffc0_learningr0.003_lextrainFALSE_optADAMOPTIMIZER_rootfc0_smSIMCOSINE_state68_dataPROCESSSENTENCE3NEWSICKCMAGGREGATEONEHOTDEP_teTREEEMBEDDINGFLATLSTM2LEVELS/3
3	5	AdamOptimizer	25	0.8	/media/arne/WIN/ML/data/corpora/SICK/process_sentence3_new/SICK_cmAGGREGATE_onehotdep	100	68	0	2	0	0.003	TreeEmbedding_FLAT_LSTM_2levels	0.861122	0.841757	restoreFALSE_batchs100_clip5.0_singleFALSE_testfilei2_ext_keepprob0.8_leaffc0_learningr0.003_lextrainFALSE_optADAMOPTIMIZER_rootfc0_smSIMCOSINE_state68_dataPROCESSSENTENCE3NEWSICKCMAGGREGATEONEHOTDEP_teTREEEMBEDDINGFLATLSTM2LEVELS/3
3	5	AdamOptimizer	25	0.8	/media/arne/WIN/ML/data/corpora/SICK/process_sentence3_new/SICK_cmAGGREGATE_onehotdep	100	68	0	3	0	0.003	TreeEmbedding_FLAT_LSTM_2levels	0.843764	0.84254	restoreFALSE_batchs100_clip5.0_singleFALSE_testfilei3_ext_keepprob0.8_leaffc0_learningr0.003_lextrainFALSE_optADAMOPTIMIZER_rootfc0_smSIMCOSINE_state68_dataPROCESSSENTENCE3NEWSICKCMAGGREGATEONEHOTDEP_teTREEEMBEDDINGFLATLSTM2LEVELS/3
3	5	AdamOptimizer	25	0.8	/media/arne/WIN/ML/data/corpora/SICK/process_sentence3_new/SICK_cmAGGREGATE_onehotdep	100	68	0	4	0	0.003	TreeEmbedding_FLAT_LSTM_2levels	0.869045	0.839392	restoreFALSE_batchs100_clip5.0_singleFALSE_testfilei4_ext_keepprob0.8_leaffc0_learningr0.003_lextrainFALSE_optADAMOPTIMIZER_rootfc0_smSIMCOSINE_state68_dataPROCESSSENTENCE3NEWSICKCMAGGREGATEONEHOTDEP_teTREEEMBEDDINGFLATLSTM2LEVELS/3
4	5	AdamOptimizer	25	0.8	/media/arne/WIN/ML/data/corpora/SICK/process_sentence3_new/SICK_cmAGGREGATE_onehotdep	100	68	0	0	0	0.003	TreeEmbedding_FLAT_LSTM_2levels	0.839826	0.839947	restoreFALSE_batchs100_clip5.0_singleFALSE_testfilei0_ext_keepprob0.8_leaffc0_learningr0.003_lextrainFALSE_optADAMOPTIMIZER_rootfc0_smSIMCOSINE_state68_dataPROCESSSENTENCE3NEWSICKCMAGGREGATEONEHOTDEP_teTREEEMBEDDINGFLATLSTM2LEVELS/4
4	5	AdamOptimizer	25	0.8	/media/arne/WIN/ML/data/corpora/SICK/process_sentence3_new/SICK_cmAGGREGATE_onehotdep	100	68	0	1	0	0.003	TreeEmbedding_FLAT_LSTM_2levels	0.852424	0.837948	restoreFALSE_batchs100_clip5.0_singleFALSE_testfilei1_ext_keepprob0.8_leaffc0_learningr0.003_lextrainFALSE_optADAMOPTIMIZER_rootfc0_smSIMCOSINE_state68_dataPROCESSSENTENCE3NEWSICKCMAGGREGATEONEHOTDEP_teTREEEMBEDDINGFLATLSTM2LEVELS/4
4	5	AdamOptimizer	25	0.8	/media/arne/WIN/ML/data/corpora/SICK/process_sentence3_new/SICK_cmAGGREGATE_onehotdep	100	68	0	2	0	0.003	TreeEmbedding_FLAT_LSTM_2levels	0.861173	0.837113	restoreFALSE_batchs100_clip5.0_singleFALSE_testfilei2_ext_keepprob0.8_leaffc0_learningr0.003_lextrainFALSE_optADAMOPTIMIZER_rootfc0_smSIMCOSINE_state68_dataPROCESSSENTENCE3NEWSICKCMAGGREGATEONEHOTDEP_teTREEEMBEDDINGFLATLSTM2LEVELS/4
4	5	AdamOptimizer	25	0.8	/media/arne/WIN/ML/data/corpora/SICK/process_sentence3_new/SICK_cmAGGREGATE_onehotdep	100	68	0	3	0	0.003	TreeEmbedding_FLAT_LSTM_2levels	0.836926	0.835943	restoreFALSE_batchs100_clip5.0_singleFALSE_testfilei3_ext_keepprob0.8_leaffc0_learningr0.003_lextrainFALSE_optADAMOPTIMIZER_rootfc0_smSIMCOSINE_state68_dataPROCESSSENTENCE3NEWSICKCMAGGREGATEONEHOTDEP_teTREEEMBEDDINGFLATLSTM2LEVELS/4
4	5	AdamOptimizer	25	0.8	/media/arne/WIN/ML/data/corpora/SICK/process_sentence3_new/SICK_cmAGGREGATE_onehotdep	100	68	0	4	0	0.003	TreeEmbedding_FLAT_LSTM_2levels	0.866512	0.841716	restoreFALSE_batchs100_clip5.0_singleFALSE_testfilei4_ext_keepprob0.8_leaffc0_learningr0.003_lextrainFALSE_optADAMOPTIMIZER_rootfc0_smSIMCOSINE_state68_dataPROCESSSENTENCE3NEWSICKCMAGGREGATEONEHOTDEP_teTREEEMBEDDINGFLATLSTM2LEVELS/4
5	5	AdamOptimizer	25	0.8	/media/arne/WIN/ML/data/corpora/SICK/process_sentence3_new/SICK_cmAGGREGATE_onehotdep	100	68	0	0	0	0.003	TreeEmbedding_FLAT_LSTM_2levels	0.836645	0.841651	restoreFALSE_batchs100_clip5.0_singleFALSE_testfilei0_ext_keepprob0.8_leaffc0_learningr0.003_lextrainFALSE_optADAMOPTIMIZER_rootfc0_smSIMCOSINE_state68_dataPROCESSSENTENCE3NEWSICKCMAGGREGATEONEHOTDEP_teTREEEMBEDDINGFLATLSTM2LEVELS/5
5	5	AdamOptimizer	25	0.8	/media/arne/WIN/ML/data/corpora/SICK/process_sentence3_new/SICK_cmAGGREGATE_onehotdep	100	68	0	1	0	0.003	TreeEmbedding_FLAT_LSTM_2levels	0.843071	0.835965	restoreFALSE_batchs100_clip5.0_singleFALSE_testfilei1_ext_keepprob0.8_leaffc0_learningr0.003_lextrainFALSE_optADAMOPTIMIZER_rootfc0_smSIMCOSINE_state68_dataPROCESSSENTENCE3NEWSICKCMAGGREGATEONEHOTDEP_teTREEEMBEDDINGFLATLSTM2LEVELS/5
5	5	AdamOptimizer	25	0.8	/media/arne/WIN/ML/data/corpora/SICK/process_sentence3_new/SICK_cmAGGREGATE_onehotdep	100	68	0	2	0	0.003	TreeEmbedding_FLAT_LSTM_2levels	0.859388	0.840095	restoreFALSE_batchs100_clip5.0_singleFALSE_testfilei2_ext_keepprob0.8_leaffc0_learningr0.003_lextrainFALSE_optADAMOPTIMIZER_rootfc0_smSIMCOSINE_state68_dataPROCESSSENTENCE3NEWSICKCMAGGREGATEONEHOTDEP_teTREEEMBEDDINGFLATLSTM2LEVELS/5
5	5	AdamOptimizer	25	0.8	/media/arne/WIN/ML/data/corpora/SICK/process_sentence3_new/SICK_cmAGGREGATE_onehotdep	100	68	0	3	0	0.003	TreeEmbedding_FLAT_LSTM_2levels	0.84312	0.840155	restoreFALSE_batchs100_clip5.0_singleFALSE_testfilei3_ext_keepprob0.8_leaffc0_learningr0.003_lextrainFALSE_optADAMOPTIMIZER_rootfc0_smSIMCOSINE_state68_dataPROCESSSENTENCE3NEWSICKCMAGGREGATEONEHOTDEP_teTREEEMBEDDINGFLATLSTM2LEVELS/5
5	5	AdamOptimizer	25	0.8	/media/arne/WIN/ML/data/corpora/SICK/process_sentence3_new/SICK_cmAGGREGATE_onehotdep	100	68	0	4	0	0.003	TreeEmbedding_FLAT_LSTM_2levels	0.864658	0.838425	restoreFALSE_batchs100_clip5.0_singleFALSE_testfilei4_ext_keepprob0.8_leaffc0_learningr0.003_lextrainFALSE_optADAMOPTIMIZER_rootfc0_smSIMCOSINE_state68_dataPROCESSSENTENCE3NEWSICKCMAGGREGATEONEHOTDEP_teTREEEMBEDDINGFLATLSTM2LEVELS/5
6	5	AdamOptimizer	25	0.8	/media/arne/WIN/ML/data/corpora/SICK/process_sentence3_new/SICK_cmAGGREGATE_onehotdep	100	68	0	0	0	0.003	TreeEmbedding_FLAT_LSTM_2levels	0.837023	0.832716	restoreFALSE_batchs100_clip5.0_singleFALSE_testfilei0_ext_keepprob0.8_leaffc0_learningr0.003_lextrainFALSE_optADAMOPTIMIZER_rootfc0_smSIMCOSINE_state68_dataPROCESSSENTENCE3NEWSICKCMAGGREGATEONEHOTDEP_teTREEEMBEDDINGFLATLSTM2LEVELS/6
6	5	AdamOptimizer	25	0.8	/media/arne/WIN/ML/data/corpora/SICK/process_sentence3_new/SICK_cmAGGREGATE_onehotdep	100	68	0	1	0	0.003	TreeEmbedding_FLAT_LSTM_2levels	0.844518	0.837227	restoreFALSE_batchs100_clip5.0_singleFALSE_testfilei1_ext_keepprob0.8_leaffc0_learningr0.003_lextrainFALSE_optADAMOPTIMIZER_rootfc0_smSIMCOSINE_state68_dataPROCESSSENTENCE3NEWSICKCMAGGREGATEONEHOTDEP_teTREEEMBEDDINGFLATLSTM2LEVELS/6
6	5	AdamOptimizer	25	0.8	/media/arne/WIN/ML/data/corpora/SICK/process_sentence3_new/SICK_cmAGGREGATE_onehotdep	100	68	0	2	0	0.003	TreeEmbedding_FLAT_LSTM_2levels	0.864798	0.839253	restoreFALSE_batchs100_clip5.0_singleFALSE_testfilei2_ext_keepprob0.8_leaffc0_learningr0.003_lextrainFALSE_optADAMOPTIMIZER_rootfc0_smSIMCOSINE_state68_dataPROCESSSENTENCE3NEWSICKCMAGGREGATEONEHOTDEP_teTREEEMBEDDINGFLATLSTM2LEVELS/6
6	5	AdamOptimizer	25	0.8	/media/arne/WIN/ML/data/corpora/SICK/process_sentence3_new/SICK_cmAGGREGATE_onehotdep	100	68	0	3	0	0.003	TreeEmbedding_FLAT_LSTM_2levels	0.839596	0.835834	restoreFALSE_batchs100_clip5.0_singleFALSE_testfilei3_ext_keepprob0.8_leaffc0_learningr0.003_lextrainFALSE_optADAMOPTIMIZER_rootfc0_smSIMCOSINE_state68_dataPROCESSSENTENCE3NEWSICKCMAGGREGATEONEHOTDEP_teTREEEMBEDDINGFLATLSTM2LEVELS/6
6	5	AdamOptimizer	25	0.8	/media/arne/WIN/ML/data/corpora/SICK/process_sentence3_new/SICK_cmAGGREGATE_onehotdep	100	68	0	4	0	0.003	TreeEmbedding_FLAT_LSTM_2levels	0.873185	0.839892	restoreFALSE_batchs100_clip5.0_singleFALSE_testfilei4_ext_keepprob0.8_leaffc0_learningr0.003_lextrainFALSE_optADAMOPTIMIZER_rootfc0_smSIMCOSINE_state68_dataPROCESSSENTENCE3NEWSICKCMAGGREGATEONEHOTDEP_teTREEEMBEDDINGFLATLSTM2LEVELS/6
7	5	AdamOptimizer	25	0.8	/media/arne/WIN/ML/data/corpora/SICK/process_sentence3_new/SICK_cmAGGREGATE_onehotdep	100	68	0	0	0	0.003	TreeEmbedding_FLAT_LSTM_2levels	0.837918	0.832663	restoreFALSE_batchs100_clip5.0_singleFALSE_testfilei0_ext_keepprob0.8_leaffc0_learningr0.003_lextrainFALSE_optADAMOPTIMIZER_rootfc0_smSIMCOSINE_state68_dataPROCESSSENTENCE3NEWSICKCMAGGREGATEONEHOTDEP_teTREEEMBEDDINGFLATLSTM2LEVELS/7
7	5	AdamOptimizer	25	0.8	/media/arne/WIN/ML/data/corpora/SICK/process_sentence3_new/SICK_cmAGGREGATE_onehotdep	100	68	0	1	0	0.003	TreeEmbedding_FLAT_LSTM_2levels	0.841969	0.83965	restoreFALSE_batchs100_clip5.0_singleFALSE_testfilei1_ext_keepprob0.8_leaffc0_learningr0.003_lextrainFALSE_optADAMOPTIMIZER_rootfc0_smSIMCOSINE_state68_dataPROCESSSENTENCE3NEWSICKCMAGGREGATEONEHOTDEP_teTREEEMBEDDINGFLATLSTM2LEVELS/7
7	5	AdamOptimizer	25	0.8	/media/arne/WIN/ML/data/corpora/SICK/process_sentence3_new/SICK_cmAGGREGATE_onehotdep	100	68	0	2	0	0.003	TreeEmbedding_FLAT_LSTM_2levels	0.856044	0.837642	restoreFALSE_batchs100_clip5.0_singleFALSE_testfilei2_ext_keepprob0.8_leaffc0_learningr0.003_lextrainFALSE_optADAMOPTIMIZER_rootfc0_smSIMCOSINE_state68_dataPROCESSSENTENCE3NEWSICKCMAGGREGATEONEHOTDEP_teTREEEMBEDDINGFLATLSTM2LEVELS/7
7	5	AdamOptimizer	25	0.8	/media/arne/WIN/ML/data/corpora/SICK/process_sentence3_new/SICK_cmAGGREGATE_onehotdep	100	68	0	3	0	0.003	TreeEmbedding_FLAT_LSTM_2levels	0.836131	0.838695	restoreFALSE_batchs100_clip5.0_singleFALSE_testfilei3_ext_keepprob0.8_leaffc0_learningr0.003_lextrainFALSE_optADAMOPTIMIZER_rootfc0_smSIMCOSINE_state68_dataPROCESSSENTENCE3NEWSICKCMAGGREGATEONEHOTDEP_teTREEEMBEDDINGFLATLSTM2LEVELS/7
7	5	AdamOptimizer	25	0.8	/media/arne/WIN/ML/data/corpora/SICK/process_sentence3_new/SICK_cmAGGREGATE_onehotdep	100	68	0	4	0	0.003	TreeEmbedding_FLAT_LSTM_2levels	0.871333	0.839244	restoreFALSE_batchs100_clip5.0_singleFALSE_testfilei4_ext_keepprob0.8_leaffc0_learningr0.003_lextrainFALSE_optADAMOPTIMIZER_rootfc0_smSIMCOSINE_state68_dataPROCESSSENTENCE3NEWSICKCMAGGREGATEONEHOTDEP_teTREEEMBEDDINGFLATLSTM2LEVELS/7
8	5	AdamOptimizer	25	0.8	/media/arne/WIN/ML/data/corpora/SICK/process_sentence3_new/SICK_cmAGGREGATE_onehotdep	100	68	0	0	0	0.003	TreeEmbedding_FLAT_LSTM_2levels	0.83106	0.84004	restoreFALSE_batchs100_clip5.0_singleFALSE_testfilei0_ext_keepprob0.8_leaffc0_learningr0.003_lextrainFALSE_optADAMOPTIMIZER_rootfc0_smSIMCOSINE_state68_dataPROCESSSENTENCE3NEWSICKCMAGGREGATEONEHOTDEP_teTREEEMBEDDINGFLATLSTM2LEVELS/8
8	5	AdamOptimizer	25	0.8	/media/arne/WIN/ML/data/corpora/SICK/process_sentence3_new/SICK_cmAGGREGATE_onehotdep	100	68	0	1	0	0.003	TreeEmbedding_FLAT_LSTM_2levels	0.841226	0.8381	restoreFALSE_batchs100_clip5.0_singleFALSE_testfilei1_ext_keepprob0.8_leaffc0_learningr0.003_lextrainFALSE_optADAMOPTIMIZER_rootfc0_smSIMCOSINE_state68_dataPROCESSSENTENCE3NEWSICKCMAGGREGATEONEHOTDEP_teTREEEMBEDDINGFLATLSTM2LEVELS/8
8	5	AdamOptimizer	25	0.8	/media/arne/WIN/ML/data/corpora/SICK/process_sentence3_new/SICK_cmAGGREGATE_onehotdep	100	68	0	2	0	0.003	TreeEmbedding_FLAT_LSTM_2levels	0.858282	0.834248	restoreFALSE_batchs100_clip5.0_singleFALSE_testfilei2_ext_keepprob0.8_leaffc0_learningr0.003_lextrainFALSE_optADAMOPTIMIZER_rootfc0_smSIMCOSINE_state68_dataPROCESSSENTENCE3NEWSICKCMAGGREGATEONEHOTDEP_teTREEEMBEDDINGFLATLSTM2LEVELS/8
8	5	AdamOptimizer	25	0.8	/media/arne/WIN/ML/data/corpora/SICK/process_sentence3_new/SICK_cmAGGREGATE_onehotdep	100	68	0	3	0	0.003	TreeEmbedding_FLAT_LSTM_2levels	0.83867	0.840445	restoreFALSE_batchs100_clip5.0_singleFALSE_testfilei3_ext_keepprob0.8_leaffc0_learningr0.003_lextrainFALSE_optADAMOPTIMIZER_rootfc0_smSIMCOSINE_state68_dataPROCESSSENTENCE3NEWSICKCMAGGREGATEONEHOTDEP_teTREEEMBEDDINGFLATLSTM2LEVELS/8
8	5	AdamOptimizer	25	0.8	/media/arne/WIN/ML/data/corpora/SICK/process_sentence3_new/SICK_cmAGGREGATE_onehotdep	100	68	0	4	0	0.003	TreeEmbedding_FLAT_LSTM_2levels	0.862706	0.83827	restoreFALSE_batchs100_clip5.0_singleFALSE_testfilei4_ext_keepprob0.8_leaffc0_learningr0.003_lextrainFALSE_optADAMOPTIMIZER_rootfc0_smSIMCOSINE_state68_dataPROCESSSENTENCE3NEWSICKCMAGGREGATEONEHOTDEP_teTREEEMBEDDINGFLATLSTM2LEVELS/8
9	5	AdamOptimizer	25	0.8	/media/arne/WIN/ML/data/corpora/SICK/process_sentence3_new/SICK_cmAGGREGATE_onehotdep	100	68	0	0	0	0.003	TreeEmbedding_FLAT_LSTM_2levels	0.83169	0.836276	restoreFALSE_batchs100_clip5.0_singleFALSE_testfilei0_ext_keepprob0.8_leaffc0_learningr0.003_lextrainFALSE_optADAMOPTIMIZER_rootfc0_smSIMCOSINE_state68_dataPROCESSSENTENCE3NEWSICKCMAGGREGATEONEHOTDEP_teTREEEMBEDDINGFLATLSTM2LEVELS/9
9	5	AdamOptimizer	25	0.8	/media/arne/WIN/ML/data/corpora/SICK/process_sentence3_new/SICK_cmAGGREGATE_onehotdep	100	68	0	1	0	0.003	TreeEmbedding_FLAT_LSTM_2levels	0.841123	0.841442	restoreFALSE_batchs100_clip5.0_singleFALSE_testfilei1_ext_keepprob0.8_leaffc0_learningr0.003_lextrainFALSE_optADAMOPTIMIZER_rootfc0_smSIMCOSINE_state68_dataPROCESSSENTENCE3NEWSICKCMAGGREGATEONEHOTDEP_teTREEEMBEDDINGFLATLSTM2LEVELS/9
9	5	AdamOptimizer	25	0.8	/media/arne/WIN/ML/data/corpora/SICK/process_sentence3_new/SICK_cmAGGREGATE_onehotdep	100	68	0	2	0	0.003	TreeEmbedding_FLAT_LSTM_2levels	0.862848	0.83989	restoreFALSE_batchs100_clip5.0_singleFALSE_testfilei2_ext_keepprob0.8_leaffc0_learningr0.003_lextrainFALSE_optADAMOPTIMIZER_rootfc0_smSIMCOSINE_state68_dataPROCESSSENTENCE3NEWSICKCMAGGREGATEONEHOTDEP_teTREEEMBEDDINGFLATLSTM2LEVELS/9
9	5	AdamOptimizer	25	0.8	/media/arne/WIN/ML/data/corpora/SICK/process_sentence3_new/SICK_cmAGGREGATE_onehotdep	100	68	0	3	0	0.003	TreeEmbedding_FLAT_LSTM_2levels	0.845078	0.836615	restoreFALSE_batchs100_clip5.0_singleFALSE_testfilei3_ext_keepprob0.8_leaffc0_learningr0.003_lextrainFALSE_optADAMOPTIMIZER_rootfc0_smSIMCOSINE_state68_dataPROCESSSENTENCE3NEWSICKCMAGGREGATEONEHOTDEP_teTREEEMBEDDINGFLATLSTM2LEVELS/9
9	5	AdamOptimizer	25	0.8	/media/arne/WIN/ML/data/corpora/SICK/process_sentence3_new/SICK_cmAGGREGATE_onehotdep	100	68	0	4	0	0.003	TreeEmbedding_FLAT_LSTM_2levels	0.864598	0.841698	restoreFALSE_batchs100_clip5.0_singleFALSE_testfilei4_ext_keepprob0.8_leaffc0_learningr0.003_lextrainFALSE_optADAMOPTIMIZER_rootfc0_smSIMCOSINE_state68_dataPROCESSSENTENCE3NEWSICKCMAGGREGATEONEHOTDEP_teTREEEMBEDDINGFLATLSTM2LEVELS/9
0	5	AdamOptimizer	25	0.8	/media/arne/WIN/ML/data/corpora/SICK/process_sentence3_blanked_new/SICK_cmAGGREGATE_onehotdep	100	74	0	0	0	0.003	TreeEmbedding_FLAT_LSTM_2levels	0.839746	0.837874	restoreFALSE_batchs100_clip5.0_singleFALSE_testfilei0_ext_keepprob0.8_leaffc0_learningr0.003_lextrainFALSE_optADAMOPTIMIZER_rootfc0_smSIMCOSINE_state74_dataPROCESSSENTENCE3BLANKEDNEWSICKCMAGGREGATEONEHOTDEP_teTREEEMBEDDINGFLATLSTM2LEVELS/0
0	5	AdamOptimizer	25	0.8	/media/arne/WIN/ML/data/corpora/SICK/process_sentence3_blanked_new/SICK_cmAGGREGATE_onehotdep	100	74	0	1	0	0.003	TreeEmbedding_FLAT_LSTM_2levels	0.843276	0.833905	restoreFALSE_batchs100_clip5.0_singleFALSE_testfilei1_ext_keepprob0.8_leaffc0_learningr0.003_lextrainFALSE_optADAMOPTIMIZER_rootfc0_smSIMCOSINE_state74_dataPROCESSSENTENCE3BLANKEDNEWSICKCMAGGREGATEONEHOTDEP_teTREEEMBEDDINGFLATLSTM2LEVELS/0
0	5	AdamOptimizer	25	0.8	/media/arne/WIN/ML/data/corpora/SICK/process_sentence3_blanked_new/SICK_cmAGGREGATE_onehotdep	100	74	0	2	0	0.003	TreeEmbedding_FLAT_LSTM_2levels	0.856579	0.841443	restoreFALSE_batchs100_clip5.0_singleFALSE_testfilei2_ext_keepprob0.8_leaffc0_learningr0.003_lextrainFALSE_optADAMOPTIMIZER_rootfc0_smSIMCOSINE_state74_dataPROCESSSENTENCE3BLANKEDNEWSICKCMAGGREGATEONEHOTDEP_teTREEEMBEDDINGFLATLSTM2LEVELS/0
0	5	AdamOptimizer	25	0.8	/media/arne/WIN/ML/data/corpora/SICK/process_sentence3_blanked_new/SICK_cmAGGREGATE_onehotdep	100	74	0	3	0	0.003	TreeEmbedding_FLAT_LSTM_2levels	0.840963	0.839012	restoreFALSE_batchs100_clip5.0_singleFALSE_testfilei3_ext_keepprob0.8_leaffc0_learningr0.003_lextrainFALSE_optADAMOPTIMIZER_rootfc0_smSIMCOSINE_state74_dataPROCESSSENTENCE3BLANKEDNEWSICKCMAGGREGATEONEHOTDEP_teTREEEMBEDDINGFLATLSTM2LEVELS/0
0	5	AdamOptimizer	25	0.8	/media/arne/WIN/ML/data/corpora/SICK/process_sentence3_blanked_new/SICK_cmAGGREGATE_onehotdep	100	74	0	4	0	0.003	TreeEmbedding_FLAT_LSTM_2levels	0.874278	0.834535	restoreFALSE_batchs100_clip5.0_singleFALSE_testfilei4_ext_keepprob0.8_leaffc0_learningr0.003_lextrainFALSE_optADAMOPTIMIZER_rootfc0_smSIMCOSINE_state74_dataPROCESSSENTENCE3BLANKEDNEWSICKCMAGGREGATEONEHOTDEP_teTREEEMBEDDINGFLATLSTM2LEVELS/0
1	5	AdamOptimizer	25	0.8	/media/arne/WIN/ML/data/corpora/SICK/process_sentence3_blanked_new/SICK_cmAGGREGATE_onehotdep	100	74	0	0	0	0.003	TreeEmbedding_FLAT_LSTM_2levels	0.841049	0.838581	restoreFALSE_batchs100_clip5.0_singleFALSE_testfilei0_ext_keepprob0.8_leaffc0_learningr0.003_lextrainFALSE_optADAMOPTIMIZER_rootfc0_smSIMCOSINE_state74_dataPROCESSSENTENCE3BLANKEDNEWSICKCMAGGREGATEONEHOTDEP_teTREEEMBEDDINGFLATLSTM2LEVELS/1
1	5	AdamOptimizer	25	0.8	/media/arne/WIN/ML/data/corpora/SICK/process_sentence3_blanked_new/SICK_cmAGGREGATE_onehotdep	100	74	0	1	0	0.003	TreeEmbedding_FLAT_LSTM_2levels	0.840956	0.83275	restoreFALSE_batchs100_clip5.0_singleFALSE_testfilei1_ext_keepprob0.8_leaffc0_learningr0.003_lextrainFALSE_optADAMOPTIMIZER_rootfc0_smSIMCOSINE_state74_dataPROCESSSENTENCE3BLANKEDNEWSICKCMAGGREGATEONEHOTDEP_teTREEEMBEDDINGFLATLSTM2LEVELS/1
1	5	AdamOptimizer	25	0.8	/media/arne/WIN/ML/data/corpora/SICK/process_sentence3_blanked_new/SICK_cmAGGREGATE_onehotdep	100	74	0	2	0	0.003	TreeEmbedding_FLAT_LSTM_2levels	0.859921	0.834437	restoreFALSE_batchs100_clip5.0_singleFALSE_testfilei2_ext_keepprob0.8_leaffc0_learningr0.003_lextrainFALSE_optADAMOPTIMIZER_rootfc0_smSIMCOSINE_state74_dataPROCESSSENTENCE3BLANKEDNEWSICKCMAGGREGATEONEHOTDEP_teTREEEMBEDDINGFLATLSTM2LEVELS/1
1	5	AdamOptimizer	25	0.8	/media/arne/WIN/ML/data/corpora/SICK/process_sentence3_blanked_new/SICK_cmAGGREGATE_onehotdep	100	74	0	3	0	0.003	TreeEmbedding_FLAT_LSTM_2levels	0.836986	0.840164	restoreFALSE_batchs100_clip5.0_singleFALSE_testfilei3_ext_keepprob0.8_leaffc0_learningr0.003_lextrainFALSE_optADAMOPTIMIZER_rootfc0_smSIMCOSINE_state74_dataPROCESSSENTENCE3BLANKEDNEWSICKCMAGGREGATEONEHOTDEP_teTREEEMBEDDINGFLATLSTM2LEVELS/1
1	5	AdamOptimizer	25	0.8	/media/arne/WIN/ML/data/corpora/SICK/process_sentence3_blanked_new/SICK_cmAGGREGATE_onehotdep	100	74	0	4	0	0.003	TreeEmbedding_FLAT_LSTM_2levels	0.858078	0.829033	restoreFALSE_batchs100_clip5.0_singleFALSE_testfilei4_ext_keepprob0.8_leaffc0_learningr0.003_lextrainFALSE_optADAMOPTIMIZER_rootfc0_smSIMCOSINE_state74_dataPROCESSSENTENCE3BLANKEDNEWSICKCMAGGREGATEONEHOTDEP_teTREEEMBEDDINGFLATLSTM2LEVELS/1
2	5	AdamOptimizer	25	0.8	/media/arne/WIN/ML/data/corpora/SICK/process_sentence3_blanked_new/SICK_cmAGGREGATE_onehotdep	100	74	0	0	0	0.003	TreeEmbedding_FLAT_LSTM_2levels	0.834081	0.838014	restoreFALSE_batchs100_clip5.0_singleFALSE_testfilei0_ext_keepprob0.8_leaffc0_learningr0.003_lextrainFALSE_optADAMOPTIMIZER_rootfc0_smSIMCOSINE_state74_dataPROCESSSENTENCE3BLANKEDNEWSICKCMAGGREGATEONEHOTDEP_teTREEEMBEDDINGFLATLSTM2LEVELS/2
2	5	AdamOptimizer	25	0.8	/media/arne/WIN/ML/data/corpora/SICK/process_sentence3_blanked_new/SICK_cmAGGREGATE_onehotdep	100	74	0	1	0	0.003	TreeEmbedding_FLAT_LSTM_2levels	0.837815	0.840738	restoreFALSE_batchs100_clip5.0_singleFALSE_testfilei1_ext_keepprob0.8_leaffc0_learningr0.003_lextrainFALSE_optADAMOPTIMIZER_rootfc0_smSIMCOSINE_state74_dataPROCESSSENTENCE3BLANKEDNEWSICKCMAGGREGATEONEHOTDEP_teTREEEMBEDDINGFLATLSTM2LEVELS/2
2	5	AdamOptimizer	25	0.8	/media/arne/WIN/ML/data/corpora/SICK/process_sentence3_blanked_new/SICK_cmAGGREGATE_onehotdep	100	74	0	2	0	0.003	TreeEmbedding_FLAT_LSTM_2levels	0.859024	0.839785	restoreFALSE_batchs100_clip5.0_singleFALSE_testfilei2_ext_keepprob0.8_leaffc0_learningr0.003_lextrainFALSE_optADAMOPTIMIZER_rootfc0_smSIMCOSINE_state74_dataPROCESSSENTENCE3BLANKEDNEWSICKCMAGGREGATEONEHOTDEP_teTREEEMBEDDINGFLATLSTM2LEVELS/2
2	5	AdamOptimizer	25	0.8	/media/arne/WIN/ML/data/corpora/SICK/process_sentence3_blanked_new/SICK_cmAGGREGATE_onehotdep	100	74	0	3	0	0.003	TreeEmbedding_FLAT_LSTM_2levels	0.842252	0.839048	restoreFALSE_batchs100_clip5.0_singleFALSE_testfilei3_ext_keepprob0.8_leaffc0_learningr0.003_lextrainFALSE_optADAMOPTIMIZER_rootfc0_smSIMCOSINE_state74_dataPROCESSSENTENCE3BLANKEDNEWSICKCMAGGREGATEONEHOTDEP_teTREEEMBEDDINGFLATLSTM2LEVELS/2
2	5	AdamOptimizer	25	0.8	/media/arne/WIN/ML/data/corpora/SICK/process_sentence3_blanked_new/SICK_cmAGGREGATE_onehotdep	100	74	0	4	0	0.003	TreeEmbedding_FLAT_LSTM_2levels	0.872087	0.834931	restoreFALSE_batchs100_clip5.0_singleFALSE_testfilei4_ext_keepprob0.8_leaffc0_learningr0.003_lextrainFALSE_optADAMOPTIMIZER_rootfc0_smSIMCOSINE_state74_dataPROCESSSENTENCE3BLANKEDNEWSICKCMAGGREGATEONEHOTDEP_teTREEEMBEDDINGFLATLSTM2LEVELS/2
3	5	AdamOptimizer	25	0.8	/media/arne/WIN/ML/data/corpora/SICK/process_sentence3_blanked_new/SICK_cmAGGREGATE_onehotdep	100	74	0	0	0	0.003	TreeEmbedding_FLAT_LSTM_2levels	0.832256	0.836612	restoreFALSE_batchs100_clip5.0_singleFALSE_testfilei0_ext_keepprob0.8_leaffc0_learningr0.003_lextrainFALSE_optADAMOPTIMIZER_rootfc0_smSIMCOSINE_state74_dataPROCESSSENTENCE3BLANKEDNEWSICKCMAGGREGATEONEHOTDEP_teTREEEMBEDDINGFLATLSTM2LEVELS/3
3	5	AdamOptimizer	25	0.8	/media/arne/WIN/ML/data/corpora/SICK/process_sentence3_blanked_new/SICK_cmAGGREGATE_onehotdep	100	74	0	1	0	0.003	TreeEmbedding_FLAT_LSTM_2levels	0.845399	0.839691	restoreFALSE_batchs100_clip5.0_singleFALSE_testfilei1_ext_keepprob0.8_leaffc0_learningr0.003_lextrainFALSE_optADAMOPTIMIZER_rootfc0_smSIMCOSINE_state74_dataPROCESSSENTENCE3BLANKEDNEWSICKCMAGGREGATEONEHOTDEP_teTREEEMBEDDINGFLATLSTM2LEVELS/3
3	5	AdamOptimizer	25	0.8	/media/arne/WIN/ML/data/corpora/SICK/process_sentence3_blanked_new/SICK_cmAGGREGATE_onehotdep	100	74	0	2	0	0.003	TreeEmbedding_FLAT_LSTM_2levels	0.857663	0.835992	restoreFALSE_batchs100_clip5.0_singleFALSE_testfilei2_ext_keepprob0.8_leaffc0_learningr0.003_lextrainFALSE_optADAMOPTIMIZER_rootfc0_smSIMCOSINE_state74_dataPROCESSSENTENCE3BLANKEDNEWSICKCMAGGREGATEONEHOTDEP_teTREEEMBEDDINGFLATLSTM2LEVELS/3
3	5	AdamOptimizer	25	0.8	/media/arne/WIN/ML/data/corpora/SICK/process_sentence3_blanked_new/SICK_cmAGGREGATE_onehotdep	100	74	0	3	0	0.003	TreeEmbedding_FLAT_LSTM_2levels	0.847024	0.841287	restoreFALSE_batchs100_clip5.0_singleFALSE_testfilei3_ext_keepprob0.8_leaffc0_learningr0.003_lextrainFALSE_optADAMOPTIMIZER_rootfc0_smSIMCOSINE_state74_dataPROCESSSENTENCE3BLANKEDNEWSICKCMAGGREGATEONEHOTDEP_teTREEEMBEDDINGFLATLSTM2LEVELS/3
3	5	AdamOptimizer	25	0.8	/media/arne/WIN/ML/data/corpora/SICK/process_sentence3_blanked_new/SICK_cmAGGREGATE_onehotdep	100	74	0	4	0	0.003	TreeEmbedding_FLAT_LSTM_2levels	0.865768	0.83824	restoreFALSE_batchs100_clip5.0_singleFALSE_testfilei4_ext_keepprob0.8_leaffc0_learningr0.003_lextrainFALSE_optADAMOPTIMIZER_rootfc0_smSIMCOSINE_state74_dataPROCESSSENTENCE3BLANKEDNEWSICKCMAGGREGATEONEHOTDEP_teTREEEMBEDDINGFLATLSTM2LEVELS/3
4	5	AdamOptimizer	25	0.8	/media/arne/WIN/ML/data/corpora/SICK/process_sentence3_blanked_new/SICK_cmAGGREGATE_onehotdep	100	74	0	0	0	0.003	TreeEmbedding_FLAT_LSTM_2levels	0.834691	0.841024	restoreFALSE_batchs100_clip5.0_singleFALSE_testfilei0_ext_keepprob0.8_leaffc0_learningr0.003_lextrainFALSE_optADAMOPTIMIZER_rootfc0_smSIMCOSINE_state74_dataPROCESSSENTENCE3BLANKEDNEWSICKCMAGGREGATEONEHOTDEP_teTREEEMBEDDINGFLATLSTM2LEVELS/4
4	5	AdamOptimizer	25	0.8	/media/arne/WIN/ML/data/corpora/SICK/process_sentence3_blanked_new/SICK_cmAGGREGATE_onehotdep	100	74	0	1	0	0.003	TreeEmbedding_FLAT_LSTM_2levels	0.840894	0.841544	restoreFALSE_batchs100_clip5.0_singleFALSE_testfilei1_ext_keepprob0.8_leaffc0_learningr0.003_lextrainFALSE_optADAMOPTIMIZER_rootfc0_smSIMCOSINE_state74_dataPROCESSSENTENCE3BLANKEDNEWSICKCMAGGREGATEONEHOTDEP_teTREEEMBEDDINGFLATLSTM2LEVELS/4
4	5	AdamOptimizer	25	0.8	/media/arne/WIN/ML/data/corpora/SICK/process_sentence3_blanked_new/SICK_cmAGGREGATE_onehotdep	100	74	0	2	0	0.003	TreeEmbedding_FLAT_LSTM_2levels	0.858695	0.838712	restoreFALSE_batchs100_clip5.0_singleFALSE_testfilei2_ext_keepprob0.8_leaffc0_learningr0.003_lextrainFALSE_optADAMOPTIMIZER_rootfc0_smSIMCOSINE_state74_dataPROCESSSENTENCE3BLANKEDNEWSICKCMAGGREGATEONEHOTDEP_teTREEEMBEDDINGFLATLSTM2LEVELS/4
4	5	AdamOptimizer	25	0.8	/media/arne/WIN/ML/data/corpora/SICK/process_sentence3_blanked_new/SICK_cmAGGREGATE_onehotdep	100	74	0	3	0	0.003	TreeEmbedding_FLAT_LSTM_2levels	0.843855	0.840814	restoreFALSE_batchs100_clip5.0_singleFALSE_testfilei3_ext_keepprob0.8_leaffc0_learningr0.003_lextrainFALSE_optADAMOPTIMIZER_rootfc0_smSIMCOSINE_state74_dataPROCESSSENTENCE3BLANKEDNEWSICKCMAGGREGATEONEHOTDEP_teTREEEMBEDDINGFLATLSTM2LEVELS/4
4	5	AdamOptimizer	25	0.8	/media/arne/WIN/ML/data/corpora/SICK/process_sentence3_blanked_new/SICK_cmAGGREGATE_onehotdep	100	74	0	4	0	0.003	TreeEmbedding_FLAT_LSTM_2levels	0.865591	0.837788	restoreFALSE_batchs100_clip5.0_singleFALSE_testfilei4_ext_keepprob0.8_leaffc0_learningr0.003_lextrainFALSE_optADAMOPTIMIZER_rootfc0_smSIMCOSINE_state74_dataPROCESSSENTENCE3BLANKEDNEWSICKCMAGGREGATEONEHOTDEP_teTREEEMBEDDINGFLATLSTM2LEVELS/4
5	5	AdamOptimizer	25	0.8	/media/arne/WIN/ML/data/corpora/SICK/process_sentence3_blanked_new/SICK_cmAGGREGATE_onehotdep	100	74	0	0	0	0.003	TreeEmbedding_FLAT_LSTM_2levels	0.832326	0.839543	restoreFALSE_batchs100_clip5.0_singleFALSE_testfilei0_ext_keepprob0.8_leaffc0_learningr0.003_lextrainFALSE_optADAMOPTIMIZER_rootfc0_smSIMCOSINE_state74_dataPROCESSSENTENCE3BLANKEDNEWSICKCMAGGREGATEONEHOTDEP_teTREEEMBEDDINGFLATLSTM2LEVELS/5
5	5	AdamOptimizer	25	0.8	/media/arne/WIN/ML/data/corpora/SICK/process_sentence3_blanked_new/SICK_cmAGGREGATE_onehotdep	100	74	0	1	0	0.003	TreeEmbedding_FLAT_LSTM_2levels	0.847299	0.836213	restoreFALSE_batchs100_clip5.0_singleFALSE_testfilei1_ext_keepprob0.8_leaffc0_learningr0.003_lextrainFALSE_optADAMOPTIMIZER_rootfc0_smSIMCOSINE_state74_dataPROCESSSENTENCE3BLANKEDNEWSICKCMAGGREGATEONEHOTDEP_teTREEEMBEDDINGFLATLSTM2LEVELS/5
5	5	AdamOptimizer	25	0.8	/media/arne/WIN/ML/data/corpora/SICK/process_sentence3_blanked_new/SICK_cmAGGREGATE_onehotdep	100	74	0	2	0	0.003	TreeEmbedding_FLAT_LSTM_2levels	0.860898	0.841502	restoreFALSE_batchs100_clip5.0_singleFALSE_testfilei2_ext_keepprob0.8_leaffc0_learningr0.003_lextrainFALSE_optADAMOPTIMIZER_rootfc0_smSIMCOSINE_state74_dataPROCESSSENTENCE3BLANKEDNEWSICKCMAGGREGATEONEHOTDEP_teTREEEMBEDDINGFLATLSTM2LEVELS/5
5	5	AdamOptimizer	25	0.8	/media/arne/WIN/ML/data/corpora/SICK/process_sentence3_blanked_new/SICK_cmAGGREGATE_onehotdep	100	74	0	3	0	0.003	TreeEmbedding_FLAT_LSTM_2levels	0.837631	0.836257	restoreFALSE_batchs100_clip5.0_singleFALSE_testfilei3_ext_keepprob0.8_leaffc0_learningr0.003_lextrainFALSE_optADAMOPTIMIZER_rootfc0_smSIMCOSINE_state74_dataPROCESSSENTENCE3BLANKEDNEWSICKCMAGGREGATEONEHOTDEP_teTREEEMBEDDINGFLATLSTM2LEVELS/5
5	5	AdamOptimizer	25	0.8	/media/arne/WIN/ML/data/corpora/SICK/process_sentence3_blanked_new/SICK_cmAGGREGATE_onehotdep	100	74	0	4	0	0.003	TreeEmbedding_FLAT_LSTM_2levels	0.865859	0.833771	restoreFALSE_batchs100_clip5.0_singleFALSE_testfilei4_ext_keepprob0.8_leaffc0_learningr0.003_lextrainFALSE_optADAMOPTIMIZER_rootfc0_smSIMCOSINE_state74_dataPROCESSSENTENCE3BLANKEDNEWSICKCMAGGREGATEONEHOTDEP_teTREEEMBEDDINGFLATLSTM2LEVELS/5
6	5	AdamOptimizer	25	0.8	/media/arne/WIN/ML/data/corpora/SICK/process_sentence3_blanked_new/SICK_cmAGGREGATE_onehotdep	100	74	0	0	0	0.003	TreeEmbedding_FLAT_LSTM_2levels	0.833317	0.832268	restoreFALSE_batchs100_clip5.0_singleFALSE_testfilei0_ext_keepprob0.8_leaffc0_learningr0.003_lextrainFALSE_optADAMOPTIMIZER_rootfc0_smSIMCOSINE_state74_dataPROCESSSENTENCE3BLANKEDNEWSICKCMAGGREGATEONEHOTDEP_teTREEEMBEDDINGFLATLSTM2LEVELS/6
6	5	AdamOptimizer	25	0.8	/media/arne/WIN/ML/data/corpora/SICK/process_sentence3_blanked_new/SICK_cmAGGREGATE_onehotdep	100	74	0	1	0	0.003	TreeEmbedding_FLAT_LSTM_2levels	0.831063	0.835313	restoreFALSE_batchs100_clip5.0_singleFALSE_testfilei1_ext_keepprob0.8_leaffc0_learningr0.003_lextrainFALSE_optADAMOPTIMIZER_rootfc0_smSIMCOSINE_state74_dataPROCESSSENTENCE3BLANKEDNEWSICKCMAGGREGATEONEHOTDEP_teTREEEMBEDDINGFLATLSTM2LEVELS/6
6	5	AdamOptimizer	25	0.8	/media/arne/WIN/ML/data/corpora/SICK/process_sentence3_blanked_new/SICK_cmAGGREGATE_onehotdep	100	74	0	2	0	0.003	TreeEmbedding_FLAT_LSTM_2levels	0.855677	0.838935	restoreFALSE_batchs100_clip5.0_singleFALSE_testfilei2_ext_keepprob0.8_leaffc0_learningr0.003_lextrainFALSE_optADAMOPTIMIZER_rootfc0_smSIMCOSINE_state74_dataPROCESSSENTENCE3BLANKEDNEWSICKCMAGGREGATEONEHOTDEP_teTREEEMBEDDINGFLATLSTM2LEVELS/6
6	5	AdamOptimizer	25	0.8	/media/arne/WIN/ML/data/corpora/SICK/process_sentence3_blanked_new/SICK_cmAGGREGATE_onehotdep	100	74	0	3	0	0.003	TreeEmbedding_FLAT_LSTM_2levels	0.830802	0.834958	restoreFALSE_batchs100_clip5.0_singleFALSE_testfilei3_ext_keepprob0.8_leaffc0_learningr0.003_lextrainFALSE_optADAMOPTIMIZER_rootfc0_smSIMCOSINE_state74_dataPROCESSSENTENCE3BLANKEDNEWSICKCMAGGREGATEONEHOTDEP_teTREEEMBEDDINGFLATLSTM2LEVELS/6
6	5	AdamOptimizer	25	0.8	/media/arne/WIN/ML/data/corpora/SICK/process_sentence3_blanked_new/SICK_cmAGGREGATE_onehotdep	100	74	0	4	0	0.003	TreeEmbedding_FLAT_LSTM_2levels	0.867074	0.838423	restoreFALSE_batchs100_clip5.0_singleFALSE_testfilei4_ext_keepprob0.8_leaffc0_learningr0.003_lextrainFALSE_optADAMOPTIMIZER_rootfc0_smSIMCOSINE_state74_dataPROCESSSENTENCE3BLANKEDNEWSICKCMAGGREGATEONEHOTDEP_teTREEEMBEDDINGFLATLSTM2LEVELS/6
7	5	AdamOptimizer	25	0.8	/media/arne/WIN/ML/data/corpora/SICK/process_sentence3_blanked_new/SICK_cmAGGREGATE_onehotdep	100	74	0	0	0	0.003	TreeEmbedding_FLAT_LSTM_2levels	0.83672	0.842763	restoreFALSE_batchs100_clip5.0_singleFALSE_testfilei0_ext_keepprob0.8_leaffc0_learningr0.003_lextrainFALSE_optADAMOPTIMIZER_rootfc0_smSIMCOSINE_state74_dataPROCESSSENTENCE3BLANKEDNEWSICKCMAGGREGATEONEHOTDEP_teTREEEMBEDDINGFLATLSTM2LEVELS/7
7	5	AdamOptimizer	25	0.8	/media/arne/WIN/ML/data/corpora/SICK/process_sentence3_blanked_new/SICK_cmAGGREGATE_onehotdep	100	74	0	1	0	0.003	TreeEmbedding_FLAT_LSTM_2levels	0.836426	0.836721	restoreFALSE_batchs100_clip5.0_singleFALSE_testfilei1_ext_keepprob0.8_leaffc0_learningr0.003_lextrainFALSE_optADAMOPTIMIZER_rootfc0_smSIMCOSINE_state74_dataPROCESSSENTENCE3BLANKEDNEWSICKCMAGGREGATEONEHOTDEP_teTREEEMBEDDINGFLATLSTM2LEVELS/7
7	5	AdamOptimizer	25	0.8	/media/arne/WIN/ML/data/corpora/SICK/process_sentence3_blanked_new/SICK_cmAGGREGATE_onehotdep	100	74	0	2	0	0.003	TreeEmbedding_FLAT_LSTM_2levels	0.858355	0.838807	restoreFALSE_batchs100_clip5.0_singleFALSE_testfilei2_ext_keepprob0.8_leaffc0_learningr0.003_lextrainFALSE_optADAMOPTIMIZER_rootfc0_smSIMCOSINE_state74_dataPROCESSSENTENCE3BLANKEDNEWSICKCMAGGREGATEONEHOTDEP_teTREEEMBEDDINGFLATLSTM2LEVELS/7
7	5	AdamOptimizer	25	0.8	/media/arne/WIN/ML/data/corpora/SICK/process_sentence3_blanked_new/SICK_cmAGGREGATE_onehotdep	100	74	0	3	0	0.003	TreeEmbedding_FLAT_LSTM_2levels	0.841873	0.84012	restoreFALSE_batchs100_clip5.0_singleFALSE_testfilei3_ext_keepprob0.8_leaffc0_learningr0.003_lextrainFALSE_optADAMOPTIMIZER_rootfc0_smSIMCOSINE_state74_dataPROCESSSENTENCE3BLANKEDNEWSICKCMAGGREGATEONEHOTDEP_teTREEEMBEDDINGFLATLSTM2LEVELS/7
7	5	AdamOptimizer	25	0.8	/media/arne/WIN/ML/data/corpora/SICK/process_sentence3_blanked_new/SICK_cmAGGREGATE_onehotdep	100	74	0	4	0	0.003	TreeEmbedding_FLAT_LSTM_2levels	0.866311	0.832237	restoreFALSE_batchs100_clip5.0_singleFALSE_testfilei4_ext_keepprob0.8_leaffc0_learningr0.003_lextrainFALSE_optADAMOPTIMIZER_rootfc0_smSIMCOSINE_state74_dataPROCESSSENTENCE3BLANKEDNEWSICKCMAGGREGATEONEHOTDEP_teTREEEMBEDDINGFLATLSTM2LEVELS/7
8	5	AdamOptimizer	25	0.8	/media/arne/WIN/ML/data/corpora/SICK/process_sentence3_blanked_new/SICK_cmAGGREGATE_onehotdep	100	74	0	0	0	0.003	TreeEmbedding_FLAT_LSTM_2levels	0.828283	0.834001	restoreFALSE_batchs100_clip5.0_singleFALSE_testfilei0_ext_keepprob0.8_leaffc0_learningr0.003_lextrainFALSE_optADAMOPTIMIZER_rootfc0_smSIMCOSINE_state74_dataPROCESSSENTENCE3BLANKEDNEWSICKCMAGGREGATEONEHOTDEP_teTREEEMBEDDINGFLATLSTM2LEVELS/8
8	5	AdamOptimizer	25	0.8	/media/arne/WIN/ML/data/corpora/SICK/process_sentence3_blanked_new/SICK_cmAGGREGATE_onehotdep	100	74	0	1	0	0.003	TreeEmbedding_FLAT_LSTM_2levels	0.845387	0.837722	restoreFALSE_batchs100_clip5.0_singleFALSE_testfilei1_ext_keepprob0.8_leaffc0_learningr0.003_lextrainFALSE_optADAMOPTIMIZER_rootfc0_smSIMCOSINE_state74_dataPROCESSSENTENCE3BLANKEDNEWSICKCMAGGREGATEONEHOTDEP_teTREEEMBEDDINGFLATLSTM2LEVELS/8
8	5	AdamOptimizer	25	0.8	/media/arne/WIN/ML/data/corpora/SICK/process_sentence3_blanked_new/SICK_cmAGGREGATE_onehotdep	100	74	0	2	0	0.003	TreeEmbedding_FLAT_LSTM_2levels	0.855553	0.836966	restoreFALSE_batchs100_clip5.0_singleFALSE_testfilei2_ext_keepprob0.8_leaffc0_learningr0.003_lextrainFALSE_optADAMOPTIMIZER_rootfc0_smSIMCOSINE_state74_dataPROCESSSENTENCE3BLANKEDNEWSICKCMAGGREGATEONEHOTDEP_teTREEEMBEDDINGFLATLSTM2LEVELS/8
8	5	AdamOptimizer	25	0.8	/media/arne/WIN/ML/data/corpora/SICK/process_sentence3_blanked_new/SICK_cmAGGREGATE_onehotdep	100	74	0	3	0	0.003	TreeEmbedding_FLAT_LSTM_2levels	0.841295	0.838574	restoreFALSE_batchs100_clip5.0_singleFALSE_testfilei3_ext_keepprob0.8_leaffc0_learningr0.003_lextrainFALSE_optADAMOPTIMIZER_rootfc0_smSIMCOSINE_state74_dataPROCESSSENTENCE3BLANKEDNEWSICKCMAGGREGATEONEHOTDEP_teTREEEMBEDDINGFLATLSTM2LEVELS/8
8	5	AdamOptimizer	25	0.8	/media/arne/WIN/ML/data/corpora/SICK/process_sentence3_blanked_new/SICK_cmAGGREGATE_onehotdep	100	74	0	4	0	0.003	TreeEmbedding_FLAT_LSTM_2levels	0.867716	0.837782	restoreFALSE_batchs100_clip5.0_singleFALSE_testfilei4_ext_keepprob0.8_leaffc0_learningr0.003_lextrainFALSE_optADAMOPTIMIZER_rootfc0_smSIMCOSINE_state74_dataPROCESSSENTENCE3BLANKEDNEWSICKCMAGGREGATEONEHOTDEP_teTREEEMBEDDINGFLATLSTM2LEVELS/8
9	5	AdamOptimizer	25	0.8	/media/arne/WIN/ML/data/corpora/SICK/process_sentence3_blanked_new/SICK_cmAGGREGATE_onehotdep	100	74	0	0	0	0.003	TreeEmbedding_FLAT_LSTM_2levels	0.83425	0.832801	restoreFALSE_batchs100_clip5.0_singleFALSE_testfilei0_ext_keepprob0.8_leaffc0_learningr0.003_lextrainFALSE_optADAMOPTIMIZER_rootfc0_smSIMCOSINE_state74_dataPROCESSSENTENCE3BLANKEDNEWSICKCMAGGREGATEONEHOTDEP_teTREEEMBEDDINGFLATLSTM2LEVELS/9
9	5	AdamOptimizer	25	0.8	/media/arne/WIN/ML/data/corpora/SICK/process_sentence3_blanked_new/SICK_cmAGGREGATE_onehotdep	100	74	0	1	0	0.003	TreeEmbedding_FLAT_LSTM_2levels	0.841716	0.838523	restoreFALSE_batchs100_clip5.0_singleFALSE_testfilei1_ext_keepprob0.8_leaffc0_learningr0.003_lextrainFALSE_optADAMOPTIMIZER_rootfc0_smSIMCOSINE_state74_dataPROCESSSENTENCE3BLANKEDNEWSICKCMAGGREGATEONEHOTDEP_teTREEEMBEDDINGFLATLSTM2LEVELS/9
9	5	AdamOptimizer	25	0.8	/media/arne/WIN/ML/data/corpora/SICK/process_sentence3_blanked_new/SICK_cmAGGREGATE_onehotdep	100	74	0	2	0	0.003	TreeEmbedding_FLAT_LSTM_2levels	0.858466	0.843972	restoreFALSE_batchs100_clip5.0_singleFALSE_testfilei2_ext_keepprob0.8_leaffc0_learningr0.003_lextrainFALSE_optADAMOPTIMIZER_rootfc0_smSIMCOSINE_state74_dataPROCESSSENTENCE3BLANKEDNEWSICKCMAGGREGATEONEHOTDEP_teTREEEMBEDDINGFLATLSTM2LEVELS/9
9	5	AdamOptimizer	25	0.8	/media/arne/WIN/ML/data/corpora/SICK/process_sentence3_blanked_new/SICK_cmAGGREGATE_onehotdep	100	74	0	3	0	0.003	TreeEmbedding_FLAT_LSTM_2levels	0.837259	0.834842	restoreFALSE_batchs100_clip5.0_singleFALSE_testfilei3_ext_keepprob0.8_leaffc0_learningr0.003_lextrainFALSE_optADAMOPTIMIZER_rootfc0_smSIMCOSINE_state74_dataPROCESSSENTENCE3BLANKEDNEWSICKCMAGGREGATEONEHOTDEP_teTREEEMBEDDINGFLATLSTM2LEVELS/9
9	5	AdamOptimizer	25	0.8	/media/arne/WIN/ML/data/corpora/SICK/process_sentence3_blanked_new/SICK_cmAGGREGATE_onehotdep	100	74	0	4	0	0.003	TreeEmbedding_FLAT_LSTM_2levels	0.86999	0.836212	restoreFALSE_batchs100_clip5.0_singleFALSE_testfilei4_ext_keepprob0.8_leaffc0_learningr0.003_lextrainFALSE_optADAMOPTIMIZER_rootfc0_smSIMCOSINE_state74_dataPROCESSSENTENCE3BLANKEDNEWSICKCMAGGREGATEONEHOTDEP_teTREEEMBEDDINGFLATLSTM2LEVELS/9
0	5	AdamOptimizer	25	0.8	/media/arne/WIN/ML/data/corpora/SICK/process_sentence3_new/SICK_cmAGGREGATE_onehotdep	100	0	326	0	0	0.003	TreeEmbedding_FLAT_AVG_2levels	0.844397	0.842555	restoreFALSE_batchs100_clip5.0_singleFALSE_testfilei0_ext_keepprob0.8_leaffc326_learningr0.003_lextrainFALSE_optADAMOPTIMIZER_rootfc0_smSIMCOSINE_state0_dataPROCESSSENTENCE3NEWSICKCMAGGREGATEONEHOTDEP_teTREEEMBEDDINGFLATAVG2LEVELS/0
0	5	AdamOptimizer	25	0.8	/media/arne/WIN/ML/data/corpora/SICK/process_sentence3_new/SICK_cmAGGREGATE_onehotdep	100	0	326	1	0	0.003	TreeEmbedding_FLAT_AVG_2levels	0.837712	0.838937	restoreFALSE_batchs100_clip5.0_singleFALSE_testfilei1_ext_keepprob0.8_leaffc326_learningr0.003_lextrainFALSE_optADAMOPTIMIZER_rootfc0_smSIMCOSINE_state0_dataPROCESSSENTENCE3NEWSICKCMAGGREGATEONEHOTDEP_teTREEEMBEDDINGFLATAVG2LEVELS/0
0	5	AdamOptimizer	25	0.8	/media/arne/WIN/ML/data/corpora/SICK/process_sentence3_new/SICK_cmAGGREGATE_onehotdep	100	0	326	2	0	0.003	TreeEmbedding_FLAT_AVG_2levels	0.857894	0.841049	restoreFALSE_batchs100_clip5.0_singleFALSE_testfilei2_ext_keepprob0.8_leaffc326_learningr0.003_lextrainFALSE_optADAMOPTIMIZER_rootfc0_smSIMCOSINE_state0_dataPROCESSSENTENCE3NEWSICKCMAGGREGATEONEHOTDEP_teTREEEMBEDDINGFLATAVG2LEVELS/0
0	5	AdamOptimizer	25	0.8	/media/arne/WIN/ML/data/corpora/SICK/process_sentence3_new/SICK_cmAGGREGATE_onehotdep	100	0	326	3	0	0.003	TreeEmbedding_FLAT_AVG_2levels	0.833818	0.838686	restoreFALSE_batchs100_clip5.0_singleFALSE_testfilei3_ext_keepprob0.8_leaffc326_learningr0.003_lextrainFALSE_optADAMOPTIMIZER_rootfc0_smSIMCOSINE_state0_dataPROCESSSENTENCE3NEWSICKCMAGGREGATEONEHOTDEP_teTREEEMBEDDINGFLATAVG2LEVELS/0
0	5	AdamOptimizer	25	0.8	/media/arne/WIN/ML/data/corpora/SICK/process_sentence3_new/SICK_cmAGGREGATE_onehotdep	100	0	326	4	0	0.003	TreeEmbedding_FLAT_AVG_2levels	0.863908	0.837399	restoreFALSE_batchs100_clip5.0_singleFALSE_testfilei4_ext_keepprob0.8_leaffc326_learningr0.003_lextrainFALSE_optADAMOPTIMIZER_rootfc0_smSIMCOSINE_state0_dataPROCESSSENTENCE3NEWSICKCMAGGREGATEONEHOTDEP_teTREEEMBEDDINGFLATAVG2LEVELS/0
1	5	AdamOptimizer	25	0.8	/media/arne/WIN/ML/data/corpora/SICK/process_sentence3_new/SICK_cmAGGREGATE_onehotdep	100	0	326	0	0	0.003	TreeEmbedding_FLAT_AVG_2levels	0.840507	0.840277	restoreFALSE_batchs100_clip5.0_singleFALSE_testfilei0_ext_keepprob0.8_leaffc326_learningr0.003_lextrainFALSE_optADAMOPTIMIZER_rootfc0_smSIMCOSINE_state0_dataPROCESSSENTENCE3NEWSICKCMAGGREGATEONEHOTDEP_teTREEEMBEDDINGFLATAVG2LEVELS/1
1	5	AdamOptimizer	25	0.8	/media/arne/WIN/ML/data/corpora/SICK/process_sentence3_new/SICK_cmAGGREGATE_onehotdep	100	0	326	1	0	0.003	TreeEmbedding_FLAT_AVG_2levels	0.839448	0.844484	restoreFALSE_batchs100_clip5.0_singleFALSE_testfilei1_ext_keepprob0.8_leaffc326_learningr0.003_lextrainFALSE_optADAMOPTIMIZER_rootfc0_smSIMCOSINE_state0_dataPROCESSSENTENCE3NEWSICKCMAGGREGATEONEHOTDEP_teTREEEMBEDDINGFLATAVG2LEVELS/1
1	5	AdamOptimizer	25	0.8	/media/arne/WIN/ML/data/corpora/SICK/process_sentence3_new/SICK_cmAGGREGATE_onehotdep	100	0	326	2	0	0.003	TreeEmbedding_FLAT_AVG_2levels	0.860322	0.843254	restoreFALSE_batchs100_clip5.0_singleFALSE_testfilei2_ext_keepprob0.8_leaffc326_learningr0.003_lextrainFALSE_optADAMOPTIMIZER_rootfc0_smSIMCOSINE_state0_dataPROCESSSENTENCE3NEWSICKCMAGGREGATEONEHOTDEP_teTREEEMBEDDINGFLATAVG2LEVELS/1
1	5	AdamOptimizer	25	0.8	/media/arne/WIN/ML/data/corpora/SICK/process_sentence3_new/SICK_cmAGGREGATE_onehotdep	100	0	326	3	0	0.003	TreeEmbedding_FLAT_AVG_2levels	0.834178	0.841376	restoreFALSE_batchs100_clip5.0_singleFALSE_testfilei3_ext_keepprob0.8_leaffc326_learningr0.003_lextrainFALSE_optADAMOPTIMIZER_rootfc0_smSIMCOSINE_state0_dataPROCESSSENTENCE3NEWSICKCMAGGREGATEONEHOTDEP_teTREEEMBEDDINGFLATAVG2LEVELS/1
1	5	AdamOptimizer	25	0.8	/media/arne/WIN/ML/data/corpora/SICK/process_sentence3_new/SICK_cmAGGREGATE_onehotdep	100	0	326	4	0	0.003	TreeEmbedding_FLAT_AVG_2levels	0.865351	0.839972	restoreFALSE_batchs100_clip5.0_singleFALSE_testfilei4_ext_keepprob0.8_leaffc326_learningr0.003_lextrainFALSE_optADAMOPTIMIZER_rootfc0_smSIMCOSINE_state0_dataPROCESSSENTENCE3NEWSICKCMAGGREGATEONEHOTDEP_teTREEEMBEDDINGFLATAVG2LEVELS/1
2	5	AdamOptimizer	25	0.8	/media/arne/WIN/ML/data/corpora/SICK/process_sentence3_new/SICK_cmAGGREGATE_onehotdep	100	0	326	0	0	0.003	TreeEmbedding_FLAT_AVG_2levels	0.845075	0.844821	restoreFALSE_batchs100_clip5.0_singleFALSE_testfilei0_ext_keepprob0.8_leaffc326_learningr0.003_lextrainFALSE_optADAMOPTIMIZER_rootfc0_smSIMCOSINE_state0_dataPROCESSSENTENCE3NEWSICKCMAGGREGATEONEHOTDEP_teTREEEMBEDDINGFLATAVG2LEVELS/2
2	5	AdamOptimizer	25	0.8	/media/arne/WIN/ML/data/corpora/SICK/process_sentence3_new/SICK_cmAGGREGATE_onehotdep	100	0	326	1	0	0.003	TreeEmbedding_FLAT_AVG_2levels	0.839319	0.845241	restoreFALSE_batchs100_clip5.0_singleFALSE_testfilei1_ext_keepprob0.8_leaffc326_learningr0.003_lextrainFALSE_optADAMOPTIMIZER_rootfc0_smSIMCOSINE_state0_dataPROCESSSENTENCE3NEWSICKCMAGGREGATEONEHOTDEP_teTREEEMBEDDINGFLATAVG2LEVELS/2
2	5	AdamOptimizer	25	0.8	/media/arne/WIN/ML/data/corpora/SICK/process_sentence3_new/SICK_cmAGGREGATE_onehotdep	100	0	326	2	0	0.003	TreeEmbedding_FLAT_AVG_2levels	0.857577	0.84129	restoreFALSE_batchs100_clip5.0_singleFALSE_testfilei2_ext_keepprob0.8_leaffc326_learningr0.003_lextrainFALSE_optADAMOPTIMIZER_rootfc0_smSIMCOSINE_state0_dataPROCESSSENTENCE3NEWSICKCMAGGREGATEONEHOTDEP_teTREEEMBEDDINGFLATAVG2LEVELS/2
2	5	AdamOptimizer	25	0.8	/media/arne/WIN/ML/data/corpora/SICK/process_sentence3_new/SICK_cmAGGREGATE_onehotdep	100	0	326	3	0	0.003	TreeEmbedding_FLAT_AVG_2levels	0.832792	0.841872	restoreFALSE_batchs100_clip5.0_singleFALSE_testfilei3_ext_keepprob0.8_leaffc326_learningr0.003_lextrainFALSE_optADAMOPTIMIZER_rootfc0_smSIMCOSINE_state0_dataPROCESSSENTENCE3NEWSICKCMAGGREGATEONEHOTDEP_teTREEEMBEDDINGFLATAVG2LEVELS/2
2	5	AdamOptimizer	25	0.8	/media/arne/WIN/ML/data/corpora/SICK/process_sentence3_new/SICK_cmAGGREGATE_onehotdep	100	0	326	4	0	0.003	TreeEmbedding_FLAT_AVG_2levels	0.865099	0.840734	restoreFALSE_batchs100_clip5.0_singleFALSE_testfilei4_ext_keepprob0.8_leaffc326_learningr0.003_lextrainFALSE_optADAMOPTIMIZER_rootfc0_smSIMCOSINE_state0_dataPROCESSSENTENCE3NEWSICKCMAGGREGATEONEHOTDEP_teTREEEMBEDDINGFLATAVG2LEVELS/2
3	5	AdamOptimizer	25	0.8	/media/arne/WIN/ML/data/corpora/SICK/process_sentence3_new/SICK_cmAGGREGATE_onehotdep	100	0	326	0	0	0.003	TreeEmbedding_FLAT_AVG_2levels	0.844746	0.841643	restoreFALSE_batchs100_clip5.0_singleFALSE_testfilei0_ext_keepprob0.8_leaffc326_learningr0.003_lextrainFALSE_optADAMOPTIMIZER_rootfc0_smSIMCOSINE_state0_dataPROCESSSENTENCE3NEWSICKCMAGGREGATEONEHOTDEP_teTREEEMBEDDINGFLATAVG2LEVELS/3
3	5	AdamOptimizer	25	0.8	/media/arne/WIN/ML/data/corpora/SICK/process_sentence3_new/SICK_cmAGGREGATE_onehotdep	100	0	326	1	0	0.003	TreeEmbedding_FLAT_AVG_2levels	0.839225	0.844627	restoreFALSE_batchs100_clip5.0_singleFALSE_testfilei1_ext_keepprob0.8_leaffc326_learningr0.003_lextrainFALSE_optADAMOPTIMIZER_rootfc0_smSIMCOSINE_state0_dataPROCESSSENTENCE3NEWSICKCMAGGREGATEONEHOTDEP_teTREEEMBEDDINGFLATAVG2LEVELS/3
3	5	AdamOptimizer	25	0.8	/media/arne/WIN/ML/data/corpora/SICK/process_sentence3_new/SICK_cmAGGREGATE_onehotdep	100	0	326	2	0	0.003	TreeEmbedding_FLAT_AVG_2levels	0.85864	0.84262	restoreFALSE_batchs100_clip5.0_singleFALSE_testfilei2_ext_keepprob0.8_leaffc326_learningr0.003_lextrainFALSE_optADAMOPTIMIZER_rootfc0_smSIMCOSINE_state0_dataPROCESSSENTENCE3NEWSICKCMAGGREGATEONEHOTDEP_teTREEEMBEDDINGFLATAVG2LEVELS/3
3	5	AdamOptimizer	25	0.8	/media/arne/WIN/ML/data/corpora/SICK/process_sentence3_new/SICK_cmAGGREGATE_onehotdep	100	0	326	3	0	0.003	TreeEmbedding_FLAT_AVG_2levels	0.833831	0.839759	restoreFALSE_batchs100_clip5.0_singleFALSE_testfilei3_ext_keepprob0.8_leaffc326_learningr0.003_lextrainFALSE_optADAMOPTIMIZER_rootfc0_smSIMCOSINE_state0_dataPROCESSSENTENCE3NEWSICKCMAGGREGATEONEHOTDEP_teTREEEMBEDDINGFLATAVG2LEVELS/3
3	5	AdamOptimizer	25	0.8	/media/arne/WIN/ML/data/corpora/SICK/process_sentence3_new/SICK_cmAGGREGATE_onehotdep	100	0	326	4	0	0.003	TreeEmbedding_FLAT_AVG_2levels	0.867849	0.841657	restoreFALSE_batchs100_clip5.0_singleFALSE_testfilei4_ext_keepprob0.8_leaffc326_learningr0.003_lextrainFALSE_optADAMOPTIMIZER_rootfc0_smSIMCOSINE_state0_dataPROCESSSENTENCE3NEWSICKCMAGGREGATEONEHOTDEP_teTREEEMBEDDINGFLATAVG2LEVELS/3
4	5	AdamOptimizer	25	0.8	/media/arne/WIN/ML/data/corpora/SICK/process_sentence3_new/SICK_cmAGGREGATE_onehotdep	100	0	326	0	0	0.003	TreeEmbedding_FLAT_AVG_2levels	0.845503	0.843519	restoreFALSE_batchs100_clip5.0_singleFALSE_testfilei0_ext_keepprob0.8_leaffc326_learningr0.003_lextrainFALSE_optADAMOPTIMIZER_rootfc0_smSIMCOSINE_state0_dataPROCESSSENTENCE3NEWSICKCMAGGREGATEONEHOTDEP_teTREEEMBEDDINGFLATAVG2LEVELS/4
4	5	AdamOptimizer	25	0.8	/media/arne/WIN/ML/data/corpora/SICK/process_sentence3_new/SICK_cmAGGREGATE_onehotdep	100	0	326	1	0	0.003	TreeEmbedding_FLAT_AVG_2levels	0.838395	0.845017	restoreFALSE_batchs100_clip5.0_singleFALSE_testfilei1_ext_keepprob0.8_leaffc326_learningr0.003_lextrainFALSE_optADAMOPTIMIZER_rootfc0_smSIMCOSINE_state0_dataPROCESSSENTENCE3NEWSICKCMAGGREGATEONEHOTDEP_teTREEEMBEDDINGFLATAVG2LEVELS/4
4	5	AdamOptimizer	25	0.8	/media/arne/WIN/ML/data/corpora/SICK/process_sentence3_new/SICK_cmAGGREGATE_onehotdep	100	0	326	2	0	0.003	TreeEmbedding_FLAT_AVG_2levels	0.858465	0.84138	restoreFALSE_batchs100_clip5.0_singleFALSE_testfilei2_ext_keepprob0.8_leaffc326_learningr0.003_lextrainFALSE_optADAMOPTIMIZER_rootfc0_smSIMCOSINE_state0_dataPROCESSSENTENCE3NEWSICKCMAGGREGATEONEHOTDEP_teTREEEMBEDDINGFLATAVG2LEVELS/4
4	5	AdamOptimizer	25	0.8	/media/arne/WIN/ML/data/corpora/SICK/process_sentence3_new/SICK_cmAGGREGATE_onehotdep	100	0	326	3	0	0.003	TreeEmbedding_FLAT_AVG_2levels	0.835114	0.838672	restoreFALSE_batchs100_clip5.0_singleFALSE_testfilei3_ext_keepprob0.8_leaffc326_learningr0.003_lextrainFALSE_optADAMOPTIMIZER_rootfc0_smSIMCOSINE_state0_dataPROCESSSENTENCE3NEWSICKCMAGGREGATEONEHOTDEP_teTREEEMBEDDINGFLATAVG2LEVELS/4
4	5	AdamOptimizer	25	0.8	/media/arne/WIN/ML/data/corpora/SICK/process_sentence3_new/SICK_cmAGGREGATE_onehotdep	100	0	326	4	0	0.003	TreeEmbedding_FLAT_AVG_2levels	0.865425	0.836407	restoreFALSE_batchs100_clip5.0_singleFALSE_testfilei4_ext_keepprob0.8_leaffc326_learningr0.003_lextrainFALSE_optADAMOPTIMIZER_rootfc0_smSIMCOSINE_state0_dataPROCESSSENTENCE3NEWSICKCMAGGREGATEONEHOTDEP_teTREEEMBEDDINGFLATAVG2LEVELS/4
5	5	AdamOptimizer	25	0.8	/media/arne/WIN/ML/data/corpora/SICK/process_sentence3_new/SICK_cmAGGREGATE_onehotdep	100	0	326	0	0	0.003	TreeEmbedding_FLAT_AVG_2levels	0.843499	0.843492	restoreFALSE_batchs100_clip5.0_singleFALSE_testfilei0_ext_keepprob0.8_leaffc326_learningr0.003_lextrainFALSE_optADAMOPTIMIZER_rootfc0_smSIMCOSINE_state0_dataPROCESSSENTENCE3NEWSICKCMAGGREGATEONEHOTDEP_teTREEEMBEDDINGFLATAVG2LEVELS/5
5	5	AdamOptimizer	25	0.8	/media/arne/WIN/ML/data/corpora/SICK/process_sentence3_new/SICK_cmAGGREGATE_onehotdep	100	0	326	1	0	0.003	TreeEmbedding_FLAT_AVG_2levels	0.839983	0.844617	restoreFALSE_batchs100_clip5.0_singleFALSE_testfilei1_ext_keepprob0.8_leaffc326_learningr0.003_lextrainFALSE_optADAMOPTIMIZER_rootfc0_smSIMCOSINE_state0_dataPROCESSSENTENCE3NEWSICKCMAGGREGATEONEHOTDEP_teTREEEMBEDDINGFLATAVG2LEVELS/5
5	5	AdamOptimizer	25	0.8	/media/arne/WIN/ML/data/corpora/SICK/process_sentence3_new/SICK_cmAGGREGATE_onehotdep	100	0	326	2	0	0.003	TreeEmbedding_FLAT_AVG_2levels	0.857806	0.843479	restoreFALSE_batchs100_clip5.0_singleFALSE_testfilei2_ext_keepprob0.8_leaffc326_learningr0.003_lextrainFALSE_optADAMOPTIMIZER_rootfc0_smSIMCOSINE_state0_dataPROCESSSENTENCE3NEWSICKCMAGGREGATEONEHOTDEP_teTREEEMBEDDINGFLATAVG2LEVELS/5
5	5	AdamOptimizer	25	0.8	/media/arne/WIN/ML/data/corpora/SICK/process_sentence3_new/SICK_cmAGGREGATE_onehotdep	100	0	326	3	0	0.003	TreeEmbedding_FLAT_AVG_2levels	0.831221	0.837628	restoreFALSE_batchs100_clip5.0_singleFALSE_testfilei3_ext_keepprob0.8_leaffc326_learningr0.003_lextrainFALSE_optADAMOPTIMIZER_rootfc0_smSIMCOSINE_state0_dataPROCESSSENTENCE3NEWSICKCMAGGREGATEONEHOTDEP_teTREEEMBEDDINGFLATAVG2LEVELS/5
5	5	AdamOptimizer	25	0.8	/media/arne/WIN/ML/data/corpora/SICK/process_sentence3_new/SICK_cmAGGREGATE_onehotdep	100	0	326	4	0	0.003	TreeEmbedding_FLAT_AVG_2levels	0.864336	0.840522	restoreFALSE_batchs100_clip5.0_singleFALSE_testfilei4_ext_keepprob0.8_leaffc326_learningr0.003_lextrainFALSE_optADAMOPTIMIZER_rootfc0_smSIMCOSINE_state0_dataPROCESSSENTENCE3NEWSICKCMAGGREGATEONEHOTDEP_teTREEEMBEDDINGFLATAVG2LEVELS/5
6	5	AdamOptimizer	25	0.8	/media/arne/WIN/ML/data/corpora/SICK/process_sentence3_new/SICK_cmAGGREGATE_onehotdep	100	0	326	0	0	0.003	TreeEmbedding_FLAT_AVG_2levels	0.844459	0.839351	restoreFALSE_batchs100_clip5.0_singleFALSE_testfilei0_ext_keepprob0.8_leaffc326_learningr0.003_lextrainFALSE_optADAMOPTIMIZER_rootfc0_smSIMCOSINE_state0_dataPROCESSSENTENCE3NEWSICKCMAGGREGATEONEHOTDEP_teTREEEMBEDDINGFLATAVG2LEVELS/6
6	5	AdamOptimizer	25	0.8	/media/arne/WIN/ML/data/corpora/SICK/process_sentence3_new/SICK_cmAGGREGATE_onehotdep	100	0	326	1	0	0.003	TreeEmbedding_FLAT_AVG_2levels	0.836732	0.842471	restoreFALSE_batchs100_clip5.0_singleFALSE_testfilei1_ext_keepprob0.8_leaffc326_learningr0.003_lextrainFALSE_optADAMOPTIMIZER_rootfc0_smSIMCOSINE_state0_dataPROCESSSENTENCE3NEWSICKCMAGGREGATEONEHOTDEP_teTREEEMBEDDINGFLATAVG2LEVELS/6
6	5	AdamOptimizer	25	0.8	/media/arne/WIN/ML/data/corpora/SICK/process_sentence3_new/SICK_cmAGGREGATE_onehotdep	100	0	326	2	0	0.003	TreeEmbedding_FLAT_AVG_2levels	0.856295	0.841145	restoreFALSE_batchs100_clip5.0_singleFALSE_testfilei2_ext_keepprob0.8_leaffc326_learningr0.003_lextrainFALSE_optADAMOPTIMIZER_rootfc0_smSIMCOSINE_state0_dataPROCESSSENTENCE3NEWSICKCMAGGREGATEONEHOTDEP_teTREEEMBEDDINGFLATAVG2LEVELS/6
6	5	AdamOptimizer	25	0.8	/media/arne/WIN/ML/data/corpora/SICK/process_sentence3_new/SICK_cmAGGREGATE_onehotdep	100	0	326	3	0	0.003	TreeEmbedding_FLAT_AVG_2levels	0.831263	0.839031	restoreFALSE_batchs100_clip5.0_singleFALSE_testfilei3_ext_keepprob0.8_leaffc326_learningr0.003_lextrainFALSE_optADAMOPTIMIZER_rootfc0_smSIMCOSINE_state0_dataPROCESSSENTENCE3NEWSICKCMAGGREGATEONEHOTDEP_teTREEEMBEDDINGFLATAVG2LEVELS/6
6	5	AdamOptimizer	25	0.8	/media/arne/WIN/ML/data/corpora/SICK/process_sentence3_new/SICK_cmAGGREGATE_onehotdep	100	0	326	4	0	0.003	TreeEmbedding_FLAT_AVG_2levels	0.865024	0.84059	restoreFALSE_batchs100_clip5.0_singleFALSE_testfilei4_ext_keepprob0.8_leaffc326_learningr0.003_lextrainFALSE_optADAMOPTIMIZER_rootfc0_smSIMCOSINE_state0_dataPROCESSSENTENCE3NEWSICKCMAGGREGATEONEHOTDEP_teTREEEMBEDDINGFLATAVG2LEVELS/6
7	5	AdamOptimizer	25	0.8	/media/arne/WIN/ML/data/corpora/SICK/process_sentence3_new/SICK_cmAGGREGATE_onehotdep	100	0	326	0	0	0.003	TreeEmbedding_FLAT_AVG_2levels	0.845114	0.841748	restoreFALSE_batchs100_clip5.0_singleFALSE_testfilei0_ext_keepprob0.8_leaffc326_learningr0.003_lextrainFALSE_optADAMOPTIMIZER_rootfc0_smSIMCOSINE_state0_dataPROCESSSENTENCE3NEWSICKCMAGGREGATEONEHOTDEP_teTREEEMBEDDINGFLATAVG2LEVELS/7
7	5	AdamOptimizer	25	0.8	/media/arne/WIN/ML/data/corpora/SICK/process_sentence3_new/SICK_cmAGGREGATE_onehotdep	100	0	326	1	0	0.003	TreeEmbedding_FLAT_AVG_2levels	0.838261	0.841313	restoreFALSE_batchs100_clip5.0_singleFALSE_testfilei1_ext_keepprob0.8_leaffc326_learningr0.003_lextrainFALSE_optADAMOPTIMIZER_rootfc0_smSIMCOSINE_state0_dataPROCESSSENTENCE3NEWSICKCMAGGREGATEONEHOTDEP_teTREEEMBEDDINGFLATAVG2LEVELS/7
7	5	AdamOptimizer	25	0.8	/media/arne/WIN/ML/data/corpora/SICK/process_sentence3_new/SICK_cmAGGREGATE_onehotdep	100	0	326	2	0	0.003	TreeEmbedding_FLAT_AVG_2levels	0.858035	0.842242	restoreFALSE_batchs100_clip5.0_singleFALSE_testfilei2_ext_keepprob0.8_leaffc326_learningr0.003_lextrainFALSE_optADAMOPTIMIZER_rootfc0_smSIMCOSINE_state0_dataPROCESSSENTENCE3NEWSICKCMAGGREGATEONEHOTDEP_teTREEEMBEDDINGFLATAVG2LEVELS/7
7	5	AdamOptimizer	25	0.8	/media/arne/WIN/ML/data/corpora/SICK/process_sentence3_new/SICK_cmAGGREGATE_onehotdep	100	0	326	3	0	0.003	TreeEmbedding_FLAT_AVG_2levels	0.832106	0.840081	restoreFALSE_batchs100_clip5.0_singleFALSE_testfilei3_ext_keepprob0.8_leaffc326_learningr0.003_lextrainFALSE_optADAMOPTIMIZER_rootfc0_smSIMCOSINE_state0_dataPROCESSSENTENCE3NEWSICKCMAGGREGATEONEHOTDEP_teTREEEMBEDDINGFLATAVG2LEVELS/7
7	5	AdamOptimizer	25	0.8	/media/arne/WIN/ML/data/corpora/SICK/process_sentence3_new/SICK_cmAGGREGATE_onehotdep	100	0	326	4	0	0.003	TreeEmbedding_FLAT_AVG_2levels	0.866715	0.840077	restoreFALSE_batchs100_clip5.0_singleFALSE_testfilei4_ext_keepprob0.8_leaffc326_learningr0.003_lextrainFALSE_optADAMOPTIMIZER_rootfc0_smSIMCOSINE_state0_dataPROCESSSENTENCE3NEWSICKCMAGGREGATEONEHOTDEP_teTREEEMBEDDINGFLATAVG2LEVELS/7
8	5	AdamOptimizer	25	0.8	/media/arne/WIN/ML/data/corpora/SICK/process_sentence3_new/SICK_cmAGGREGATE_onehotdep	100	0	326	0	0	0.003	TreeEmbedding_FLAT_AVG_2levels	0.845328	0.84098	restoreFALSE_batchs100_clip5.0_singleFALSE_testfilei0_ext_keepprob0.8_leaffc326_learningr0.003_lextrainFALSE_optADAMOPTIMIZER_rootfc0_smSIMCOSINE_state0_dataPROCESSSENTENCE3NEWSICKCMAGGREGATEONEHOTDEP_teTREEEMBEDDINGFLATAVG2LEVELS/8
8	5	AdamOptimizer	25	0.8	/media/arne/WIN/ML/data/corpora/SICK/process_sentence3_new/SICK_cmAGGREGATE_onehotdep	100	0	326	1	0	0.003	TreeEmbedding_FLAT_AVG_2levels	0.835691	0.841042	restoreFALSE_batchs100_clip5.0_singleFALSE_testfilei1_ext_keepprob0.8_leaffc326_learningr0.003_lextrainFALSE_optADAMOPTIMIZER_rootfc0_smSIMCOSINE_state0_dataPROCESSSENTENCE3NEWSICKCMAGGREGATEONEHOTDEP_teTREEEMBEDDINGFLATAVG2LEVELS/8
8	5	AdamOptimizer	25	0.8	/media/arne/WIN/ML/data/corpora/SICK/process_sentence3_new/SICK_cmAGGREGATE_onehotdep	100	0	326	2	0	0.003	TreeEmbedding_FLAT_AVG_2levels	0.856455	0.843053	restoreFALSE_batchs100_clip5.0_singleFALSE_testfilei2_ext_keepprob0.8_leaffc326_learningr0.003_lextrainFALSE_optADAMOPTIMIZER_rootfc0_smSIMCOSINE_state0_dataPROCESSSENTENCE3NEWSICKCMAGGREGATEONEHOTDEP_teTREEEMBEDDINGFLATAVG2LEVELS/8
8	5	AdamOptimizer	25	0.8	/media/arne/WIN/ML/data/corpora/SICK/process_sentence3_new/SICK_cmAGGREGATE_onehotdep	100	0	326	3	0	0.003	TreeEmbedding_FLAT_AVG_2levels	0.830967	0.8363	restoreFALSE_batchs100_clip5.0_singleFALSE_testfilei3_ext_keepprob0.8_leaffc326_learningr0.003_lextrainFALSE_optADAMOPTIMIZER_rootfc0_smSIMCOSINE_state0_dataPROCESSSENTENCE3NEWSICKCMAGGREGATEONEHOTDEP_teTREEEMBEDDINGFLATAVG2LEVELS/8
8	5	AdamOptimizer	25	0.8	/media/arne/WIN/ML/data/corpora/SICK/process_sentence3_new/SICK_cmAGGREGATE_onehotdep	100	0	326	4	0	0.003	TreeEmbedding_FLAT_AVG_2levels	0.865203	0.840572	restoreFALSE_batchs100_clip5.0_singleFALSE_testfilei4_ext_keepprob0.8_leaffc326_learningr0.003_lextrainFALSE_optADAMOPTIMIZER_rootfc0_smSIMCOSINE_state0_dataPROCESSSENTENCE3NEWSICKCMAGGREGATEONEHOTDEP_teTREEEMBEDDINGFLATAVG2LEVELS/8
9	5	AdamOptimizer	25	0.8	/media/arne/WIN/ML/data/corpora/SICK/process_sentence3_new/SICK_cmAGGREGATE_onehotdep	100	0	326	0	0	0.003	TreeEmbedding_FLAT_AVG_2levels	0.847306	0.842161	restoreFALSE_batchs100_clip5.0_singleFALSE_testfilei0_ext_keepprob0.8_leaffc326_learningr0.003_lextrainFALSE_optADAMOPTIMIZER_rootfc0_smSIMCOSINE_state0_dataPROCESSSENTENCE3NEWSICKCMAGGREGATEONEHOTDEP_teTREEEMBEDDINGFLATAVG2LEVELS/9
9	5	AdamOptimizer	25	0.8	/media/arne/WIN/ML/data/corpora/SICK/process_sentence3_new/SICK_cmAGGREGATE_onehotdep	100	0	326	1	0	0.003	TreeEmbedding_FLAT_AVG_2levels	0.833805	0.841221	restoreFALSE_batchs100_clip5.0_singleFALSE_testfilei1_ext_keepprob0.8_leaffc326_learningr0.003_lextrainFALSE_optADAMOPTIMIZER_rootfc0_smSIMCOSINE_state0_dataPROCESSSENTENCE3NEWSICKCMAGGREGATEONEHOTDEP_teTREEEMBEDDINGFLATAVG2LEVELS/9
9	5	AdamOptimizer	25	0.8	/media/arne/WIN/ML/data/corpora/SICK/process_sentence3_new/SICK_cmAGGREGATE_onehotdep	100	0	326	2	0	0.003	TreeEmbedding_FLAT_AVG_2levels	0.858174	0.84254	restoreFALSE_batchs100_clip5.0_singleFALSE_testfilei2_ext_keepprob0.8_leaffc326_learningr0.003_lextrainFALSE_optADAMOPTIMIZER_rootfc0_smSIMCOSINE_state0_dataPROCESSSENTENCE3NEWSICKCMAGGREGATEONEHOTDEP_teTREEEMBEDDINGFLATAVG2LEVELS/9
9	5	AdamOptimizer	25	0.8	/media/arne/WIN/ML/data/corpora/SICK/process_sentence3_new/SICK_cmAGGREGATE_onehotdep	100	0	326	3	0	0.003	TreeEmbedding_FLAT_AVG_2levels	0.834332	0.838924	restoreFALSE_batchs100_clip5.0_singleFALSE_testfilei3_ext_keepprob0.8_leaffc326_learningr0.003_lextrainFALSE_optADAMOPTIMIZER_rootfc0_smSIMCOSINE_state0_dataPROCESSSENTENCE3NEWSICKCMAGGREGATEONEHOTDEP_teTREEEMBEDDINGFLATAVG2LEVELS/9
9	5	AdamOptimizer	25	0.8	/media/arne/WIN/ML/data/corpora/SICK/process_sentence3_new/SICK_cmAGGREGATE_onehotdep	100	0	326	4	0	0.003	TreeEmbedding_FLAT_AVG_2levels	0.867838	0.84201	restoreFALSE_batchs100_clip5.0_singleFALSE_testfilei4_ext_keepprob0.8_leaffc326_learningr0.003_lextrainFALSE_optADAMOPTIMIZER_rootfc0_smSIMCOSINE_state0_dataPROCESSSENTENCE3NEWSICKCMAGGREGATEONEHOTDEP_teTREEEMBEDDINGFLATAVG2LEVELS/9
0	5	AdamOptimizer	25	0.8	/media/arne/WIN/ML/data/corpora/SICK/process_sentence3_blanked_new/SICK_cmAGGREGATE_onehotdep	100	0	370	0	0	0.003	TreeEmbedding_FLAT_AVG_2levels	0.844701	0.839656	restoreFALSE_batchs100_clip5.0_singleFALSE_testfilei0_ext_keepprob0.8_leaffc370_learningr0.003_lextrainFALSE_optADAMOPTIMIZER_rootfc0_smSIMCOSINE_state0_dataPROCESSSENTENCE3BLANKEDNEWSICKCMAGGREGATEONEHOTDEP_teTREEEMBEDDINGFLATAVG2LEVELS/0
0	5	AdamOptimizer	25	0.8	/media/arne/WIN/ML/data/corpora/SICK/process_sentence3_blanked_new/SICK_cmAGGREGATE_onehotdep	100	0	370	1	0	0.003	TreeEmbedding_FLAT_AVG_2levels	0.834996	0.835462	restoreFALSE_batchs100_clip5.0_singleFALSE_testfilei1_ext_keepprob0.8_leaffc370_learningr0.003_lextrainFALSE_optADAMOPTIMIZER_rootfc0_smSIMCOSINE_state0_dataPROCESSSENTENCE3BLANKEDNEWSICKCMAGGREGATEONEHOTDEP_teTREEEMBEDDINGFLATAVG2LEVELS/0
0	5	AdamOptimizer	25	0.8	/media/arne/WIN/ML/data/corpora/SICK/process_sentence3_blanked_new/SICK_cmAGGREGATE_onehotdep	100	0	370	2	0	0.003	TreeEmbedding_FLAT_AVG_2levels	0.856704	0.839617	restoreFALSE_batchs100_clip5.0_singleFALSE_testfilei2_ext_keepprob0.8_leaffc370_learningr0.003_lextrainFALSE_optADAMOPTIMIZER_rootfc0_smSIMCOSINE_state0_dataPROCESSSENTENCE3BLANKEDNEWSICKCMAGGREGATEONEHOTDEP_teTREEEMBEDDINGFLATAVG2LEVELS/0
0	5	AdamOptimizer	25	0.8	/media/arne/WIN/ML/data/corpora/SICK/process_sentence3_blanked_new/SICK_cmAGGREGATE_onehotdep	100	0	370	3	0	0.003	TreeEmbedding_FLAT_AVG_2levels	0.835212	0.838712	restoreFALSE_batchs100_clip5.0_singleFALSE_testfilei3_ext_keepprob0.8_leaffc370_learningr0.003_lextrainFALSE_optADAMOPTIMIZER_rootfc0_smSIMCOSINE_state0_dataPROCESSSENTENCE3BLANKEDNEWSICKCMAGGREGATEONEHOTDEP_teTREEEMBEDDINGFLATAVG2LEVELS/0
0	5	AdamOptimizer	25	0.8	/media/arne/WIN/ML/data/corpora/SICK/process_sentence3_blanked_new/SICK_cmAGGREGATE_onehotdep	100	0	370	4	0	0.003	TreeEmbedding_FLAT_AVG_2levels	0.865933	0.836514	restoreFALSE_batchs100_clip5.0_singleFALSE_testfilei4_ext_keepprob0.8_leaffc370_learningr0.003_lextrainFALSE_optADAMOPTIMIZER_rootfc0_smSIMCOSINE_state0_dataPROCESSSENTENCE3BLANKEDNEWSICKCMAGGREGATEONEHOTDEP_teTREEEMBEDDINGFLATAVG2LEVELS/0
1	5	AdamOptimizer	25	0.8	/media/arne/WIN/ML/data/corpora/SICK/process_sentence3_blanked_new/SICK_cmAGGREGATE_onehotdep	100	0	370	0	0	0.003	TreeEmbedding_FLAT_AVG_2levels	0.84449	0.839518	restoreFALSE_batchs100_clip5.0_singleFALSE_testfilei0_ext_keepprob0.8_leaffc370_learningr0.003_lextrainFALSE_optADAMOPTIMIZER_rootfc0_smSIMCOSINE_state0_dataPROCESSSENTENCE3BLANKEDNEWSICKCMAGGREGATEONEHOTDEP_teTREEEMBEDDINGFLATAVG2LEVELS/1
1	5	AdamOptimizer	25	0.8	/media/arne/WIN/ML/data/corpora/SICK/process_sentence3_blanked_new/SICK_cmAGGREGATE_onehotdep	100	0	370	1	0	0.003	TreeEmbedding_FLAT_AVG_2levels	0.835421	0.832586	restoreFALSE_batchs100_clip5.0_singleFALSE_testfilei1_ext_keepprob0.8_leaffc370_learningr0.003_lextrainFALSE_optADAMOPTIMIZER_rootfc0_smSIMCOSINE_state0_dataPROCESSSENTENCE3BLANKEDNEWSICKCMAGGREGATEONEHOTDEP_teTREEEMBEDDINGFLATAVG2LEVELS/1
1	5	AdamOptimizer	25	0.8	/media/arne/WIN/ML/data/corpora/SICK/process_sentence3_blanked_new/SICK_cmAGGREGATE_onehotdep	100	0	370	2	0	0.003	TreeEmbedding_FLAT_AVG_2levels	0.856884	0.838291	restoreFALSE_batchs100_clip5.0_singleFALSE_testfilei2_ext_keepprob0.8_leaffc370_learningr0.003_lextrainFALSE_optADAMOPTIMIZER_rootfc0_smSIMCOSINE_state0_dataPROCESSSENTENCE3BLANKEDNEWSICKCMAGGREGATEONEHOTDEP_teTREEEMBEDDINGFLATAVG2LEVELS/1
1	5	AdamOptimizer	25	0.8	/media/arne/WIN/ML/data/corpora/SICK/process_sentence3_blanked_new/SICK_cmAGGREGATE_onehotdep	100	0	370	3	0	0.003	TreeEmbedding_FLAT_AVG_2levels	0.831347	0.835895	restoreFALSE_batchs100_clip5.0_singleFALSE_testfilei3_ext_keepprob0.8_leaffc370_learningr0.003_lextrainFALSE_optADAMOPTIMIZER_rootfc0_smSIMCOSINE_state0_dataPROCESSSENTENCE3BLANKEDNEWSICKCMAGGREGATEONEHOTDEP_teTREEEMBEDDINGFLATAVG2LEVELS/1
1	5	AdamOptimizer	25	0.8	/media/arne/WIN/ML/data/corpora/SICK/process_sentence3_blanked_new/SICK_cmAGGREGATE_onehotdep	100	0	370	4	0	0.003	TreeEmbedding_FLAT_AVG_2levels	0.864695	0.836487	restoreFALSE_batchs100_clip5.0_singleFALSE_testfilei4_ext_keepprob0.8_leaffc370_learningr0.003_lextrainFALSE_optADAMOPTIMIZER_rootfc0_smSIMCOSINE_state0_dataPROCESSSENTENCE3BLANKEDNEWSICKCMAGGREGATEONEHOTDEP_teTREEEMBEDDINGFLATAVG2LEVELS/1
2	5	AdamOptimizer	25	0.8	/media/arne/WIN/ML/data/corpora/SICK/process_sentence3_blanked_new/SICK_cmAGGREGATE_onehotdep	100	0	370	0	0	0.003	TreeEmbedding_FLAT_AVG_2levels	0.844172	0.839627	restoreFALSE_batchs100_clip5.0_singleFALSE_testfilei0_ext_keepprob0.8_leaffc370_learningr0.003_lextrainFALSE_optADAMOPTIMIZER_rootfc0_smSIMCOSINE_state0_dataPROCESSSENTENCE3BLANKEDNEWSICKCMAGGREGATEONEHOTDEP_teTREEEMBEDDINGFLATAVG2LEVELS/2
2	5	AdamOptimizer	25	0.8	/media/arne/WIN/ML/data/corpora/SICK/process_sentence3_blanked_new/SICK_cmAGGREGATE_onehotdep	100	0	370	1	0	0.003	TreeEmbedding_FLAT_AVG_2levels	0.833723	0.840306	restoreFALSE_batchs100_clip5.0_singleFALSE_testfilei1_ext_keepprob0.8_leaffc370_learningr0.003_lextrainFALSE_optADAMOPTIMIZER_rootfc0_smSIMCOSINE_state0_dataPROCESSSENTENCE3BLANKEDNEWSICKCMAGGREGATEONEHOTDEP_teTREEEMBEDDINGFLATAVG2LEVELS/2
2	5	AdamOptimizer	25	0.8	/media/arne/WIN/ML/data/corpora/SICK/process_sentence3_blanked_new/SICK_cmAGGREGATE_onehotdep	100	0	370	2	0	0.003	TreeEmbedding_FLAT_AVG_2levels	0.856216	0.839766	restoreFALSE_batchs100_clip5.0_singleFALSE_testfilei2_ext_keepprob0.8_leaffc370_learningr0.003_lextrainFALSE_optADAMOPTIMIZER_rootfc0_smSIMCOSINE_state0_dataPROCESSSENTENCE3BLANKEDNEWSICKCMAGGREGATEONEHOTDEP_teTREEEMBEDDINGFLATAVG2LEVELS/2
2	5	AdamOptimizer	25	0.8	/media/arne/WIN/ML/data/corpora/SICK/process_sentence3_blanked_new/SICK_cmAGGREGATE_onehotdep	100	0	370	3	0	0.003	TreeEmbedding_FLAT_AVG_2levels	0.834055	0.836287	restoreFALSE_batchs100_clip5.0_singleFALSE_testfilei3_ext_keepprob0.8_leaffc370_learningr0.003_lextrainFALSE_optADAMOPTIMIZER_rootfc0_smSIMCOSINE_state0_dataPROCESSSENTENCE3BLANKEDNEWSICKCMAGGREGATEONEHOTDEP_teTREEEMBEDDINGFLATAVG2LEVELS/2
2	5	AdamOptimizer	25	0.8	/media/arne/WIN/ML/data/corpora/SICK/process_sentence3_blanked_new/SICK_cmAGGREGATE_onehotdep	100	0	370	4	0	0.003	TreeEmbedding_FLAT_AVG_2levels	0.866958	0.838739	restoreFALSE_batchs100_clip5.0_singleFALSE_testfilei4_ext_keepprob0.8_leaffc370_learningr0.003_lextrainFALSE_optADAMOPTIMIZER_rootfc0_smSIMCOSINE_state0_dataPROCESSSENTENCE3BLANKEDNEWSICKCMAGGREGATEONEHOTDEP_teTREEEMBEDDINGFLATAVG2LEVELS/2
3	5	AdamOptimizer	25	0.8	/media/arne/WIN/ML/data/corpora/SICK/process_sentence3_blanked_new/SICK_cmAGGREGATE_onehotdep	100	0	370	0	0	0.003	TreeEmbedding_FLAT_AVG_2levels	0.845286	0.838915	restoreFALSE_batchs100_clip5.0_singleFALSE_testfilei0_ext_keepprob0.8_leaffc370_learningr0.003_lextrainFALSE_optADAMOPTIMIZER_rootfc0_smSIMCOSINE_state0_dataPROCESSSENTENCE3BLANKEDNEWSICKCMAGGREGATEONEHOTDEP_teTREEEMBEDDINGFLATAVG2LEVELS/3
3	5	AdamOptimizer	25	0.8	/media/arne/WIN/ML/data/corpora/SICK/process_sentence3_blanked_new/SICK_cmAGGREGATE_onehotdep	100	0	370	1	0	0.003	TreeEmbedding_FLAT_AVG_2levels	0.83554	0.83696	restoreFALSE_batchs100_clip5.0_singleFALSE_testfilei1_ext_keepprob0.8_leaffc370_learningr0.003_lextrainFALSE_optADAMOPTIMIZER_rootfc0_smSIMCOSINE_state0_dataPROCESSSENTENCE3BLANKEDNEWSICKCMAGGREGATEONEHOTDEP_teTREEEMBEDDINGFLATAVG2LEVELS/3
3	5	AdamOptimizer	25	0.8	/media/arne/WIN/ML/data/corpora/SICK/process_sentence3_blanked_new/SICK_cmAGGREGATE_onehotdep	100	0	370	2	0	0.003	TreeEmbedding_FLAT_AVG_2levels	0.856765	0.838463	restoreFALSE_batchs100_clip5.0_singleFALSE_testfilei2_ext_keepprob0.8_leaffc370_learningr0.003_lextrainFALSE_optADAMOPTIMIZER_rootfc0_smSIMCOSINE_state0_dataPROCESSSENTENCE3BLANKEDNEWSICKCMAGGREGATEONEHOTDEP_teTREEEMBEDDINGFLATAVG2LEVELS/3
3	5	AdamOptimizer	25	0.8	/media/arne/WIN/ML/data/corpora/SICK/process_sentence3_blanked_new/SICK_cmAGGREGATE_onehotdep	100	0	370	3	0	0.003	TreeEmbedding_FLAT_AVG_2levels	0.831818	0.838556	restoreFALSE_batchs100_clip5.0_singleFALSE_testfilei3_ext_keepprob0.8_leaffc370_learningr0.003_lextrainFALSE_optADAMOPTIMIZER_rootfc0_smSIMCOSINE_state0_dataPROCESSSENTENCE3BLANKEDNEWSICKCMAGGREGATEONEHOTDEP_teTREEEMBEDDINGFLATAVG2LEVELS/3
3	5	AdamOptimizer	25	0.8	/media/arne/WIN/ML/data/corpora/SICK/process_sentence3_blanked_new/SICK_cmAGGREGATE_onehotdep	100	0	370	4	0	0.003	TreeEmbedding_FLAT_AVG_2levels	0.866122	0.835944	restoreFALSE_batchs100_clip5.0_singleFALSE_testfilei4_ext_keepprob0.8_leaffc370_learningr0.003_lextrainFALSE_optADAMOPTIMIZER_rootfc0_smSIMCOSINE_state0_dataPROCESSSENTENCE3BLANKEDNEWSICKCMAGGREGATEONEHOTDEP_teTREEEMBEDDINGFLATAVG2LEVELS/3
4	5	AdamOptimizer	25	0.8	/media/arne/WIN/ML/data/corpora/SICK/process_sentence3_blanked_new/SICK_cmAGGREGATE_onehotdep	100	0	370	0	0	0.003	TreeEmbedding_FLAT_AVG_2levels	0.842234	0.840069	restoreFALSE_batchs100_clip5.0_singleFALSE_testfilei0_ext_keepprob0.8_leaffc370_learningr0.003_lextrainFALSE_optADAMOPTIMIZER_rootfc0_smSIMCOSINE_state0_dataPROCESSSENTENCE3BLANKEDNEWSICKCMAGGREGATEONEHOTDEP_teTREEEMBEDDINGFLATAVG2LEVELS/4
4	5	AdamOptimizer	25	0.8	/media/arne/WIN/ML/data/corpora/SICK/process_sentence3_blanked_new/SICK_cmAGGREGATE_onehotdep	100	0	370	1	0	0.003	TreeEmbedding_FLAT_AVG_2levels	0.835141	0.838562	restoreFALSE_batchs100_clip5.0_singleFALSE_testfilei1_ext_keepprob0.8_leaffc370_learningr0.003_lextrainFALSE_optADAMOPTIMIZER_rootfc0_smSIMCOSINE_state0_dataPROCESSSENTENCE3BLANKEDNEWSICKCMAGGREGATEONEHOTDEP_teTREEEMBEDDINGFLATAVG2LEVELS/4
4	5	AdamOptimizer	25	0.8	/media/arne/WIN/ML/data/corpora/SICK/process_sentence3_blanked_new/SICK_cmAGGREGATE_onehotdep	100	0	370	2	0	0.003	TreeEmbedding_FLAT_AVG_2levels	0.856935	0.836883	restoreFALSE_batchs100_clip5.0_singleFALSE_testfilei2_ext_keepprob0.8_leaffc370_learningr0.003_lextrainFALSE_optADAMOPTIMIZER_rootfc0_smSIMCOSINE_state0_dataPROCESSSENTENCE3BLANKEDNEWSICKCMAGGREGATEONEHOTDEP_teTREEEMBEDDINGFLATAVG2LEVELS/4
4	5	AdamOptimizer	25	0.8	/media/arne/WIN/ML/data/corpora/SICK/process_sentence3_blanked_new/SICK_cmAGGREGATE_onehotdep	100	0	370	3	0	0.003	TreeEmbedding_FLAT_AVG_2levels	0.83371	0.835408	restoreFALSE_batchs100_clip5.0_singleFALSE_testfilei3_ext_keepprob0.8_leaffc370_learningr0.003_lextrainFALSE_optADAMOPTIMIZER_rootfc0_smSIMCOSINE_state0_dataPROCESSSENTENCE3BLANKEDNEWSICKCMAGGREGATEONEHOTDEP_teTREEEMBEDDINGFLATAVG2LEVELS/4
4	5	AdamOptimizer	25	0.8	/media/arne/WIN/ML/data/corpora/SICK/process_sentence3_blanked_new/SICK_cmAGGREGATE_onehotdep	100	0	370	4	0	0.003	TreeEmbedding_FLAT_AVG_2levels	0.86673	0.838668	restoreFALSE_batchs100_clip5.0_singleFALSE_testfilei4_ext_keepprob0.8_leaffc370_learningr0.003_lextrainFALSE_optADAMOPTIMIZER_rootfc0_smSIMCOSINE_state0_dataPROCESSSENTENCE3BLANKEDNEWSICKCMAGGREGATEONEHOTDEP_teTREEEMBEDDINGFLATAVG2LEVELS/4
5	5	AdamOptimizer	25	0.8	/media/arne/WIN/ML/data/corpora/SICK/process_sentence3_blanked_new/SICK_cmAGGREGATE_onehotdep	100	0	370	0	0	0.003	TreeEmbedding_FLAT_AVG_2levels	0.84541	0.837218	restoreFALSE_batchs100_clip5.0_singleFALSE_testfilei0_ext_keepprob0.8_leaffc370_learningr0.003_lextrainFALSE_optADAMOPTIMIZER_rootfc0_smSIMCOSINE_state0_dataPROCESSSENTENCE3BLANKEDNEWSICKCMAGGREGATEONEHOTDEP_teTREEEMBEDDINGFLATAVG2LEVELS/5
5	5	AdamOptimizer	25	0.8	/media/arne/WIN/ML/data/corpora/SICK/process_sentence3_blanked_new/SICK_cmAGGREGATE_onehotdep	100	0	370	1	0	0.003	TreeEmbedding_FLAT_AVG_2levels	0.837387	0.841498	restoreFALSE_batchs100_clip5.0_singleFALSE_testfilei1_ext_keepprob0.8_leaffc370_learningr0.003_lextrainFALSE_optADAMOPTIMIZER_rootfc0_smSIMCOSINE_state0_dataPROCESSSENTENCE3BLANKEDNEWSICKCMAGGREGATEONEHOTDEP_teTREEEMBEDDINGFLATAVG2LEVELS/5
5	5	AdamOptimizer	25	0.8	/media/arne/WIN/ML/data/corpora/SICK/process_sentence3_blanked_new/SICK_cmAGGREGATE_onehotdep	100	0	370	2	0	0.003	TreeEmbedding_FLAT_AVG_2levels	0.855054	0.839139	restoreFALSE_batchs100_clip5.0_singleFALSE_testfilei2_ext_keepprob0.8_leaffc370_learningr0.003_lextrainFALSE_optADAMOPTIMIZER_rootfc0_smSIMCOSINE_state0_dataPROCESSSENTENCE3BLANKEDNEWSICKCMAGGREGATEONEHOTDEP_teTREEEMBEDDINGFLATAVG2LEVELS/5
5	5	AdamOptimizer	25	0.8	/media/arne/WIN/ML/data/corpora/SICK/process_sentence3_blanked_new/SICK_cmAGGREGATE_onehotdep	100	0	370	3	0	0.003	TreeEmbedding_FLAT_AVG_2levels	0.832271	0.836767	restoreFALSE_batchs100_clip5.0_singleFALSE_testfilei3_ext_keepprob0.8_leaffc370_learningr0.003_lextrainFALSE_optADAMOPTIMIZER_rootfc0_smSIMCOSINE_state0_dataPROCESSSENTENCE3BLANKEDNEWSICKCMAGGREGATEONEHOTDEP_teTREEEMBEDDINGFLATAVG2LEVELS/5
5	5	AdamOptimizer	25	0.8	/media/arne/WIN/ML/data/corpora/SICK/process_sentence3_blanked_new/SICK_cmAGGREGATE_onehotdep	100	0	370	4	0	0.003	TreeEmbedding_FLAT_AVG_2levels	0.867368	0.835403	restoreFALSE_batchs100_clip5.0_singleFALSE_testfilei4_ext_keepprob0.8_leaffc370_learningr0.003_lextrainFALSE_optADAMOPTIMIZER_rootfc0_smSIMCOSINE_state0_dataPROCESSSENTENCE3BLANKEDNEWSICKCMAGGREGATEONEHOTDEP_teTREEEMBEDDINGFLATAVG2LEVELS/5
6	5	AdamOptimizer	25	0.8	/media/arne/WIN/ML/data/corpora/SICK/process_sentence3_blanked_new/SICK_cmAGGREGATE_onehotdep	100	0	370	0	0	0.003	TreeEmbedding_FLAT_AVG_2levels	0.844674	0.838418	restoreFALSE_batchs100_clip5.0_singleFALSE_testfilei0_ext_keepprob0.8_leaffc370_learningr0.003_lextrainFALSE_optADAMOPTIMIZER_rootfc0_smSIMCOSINE_state0_dataPROCESSSENTENCE3BLANKEDNEWSICKCMAGGREGATEONEHOTDEP_teTREEEMBEDDINGFLATAVG2LEVELS/6
6	5	AdamOptimizer	25	0.8	/media/arne/WIN/ML/data/corpora/SICK/process_sentence3_blanked_new/SICK_cmAGGREGATE_onehotdep	100	0	370	1	0	0.003	TreeEmbedding_FLAT_AVG_2levels	0.835141	0.842531	restoreFALSE_batchs100_clip5.0_singleFALSE_testfilei1_ext_keepprob0.8_leaffc370_learningr0.003_lextrainFALSE_optADAMOPTIMIZER_rootfc0_smSIMCOSINE_state0_dataPROCESSSENTENCE3BLANKEDNEWSICKCMAGGREGATEONEHOTDEP_teTREEEMBEDDINGFLATAVG2LEVELS/6
6	5	AdamOptimizer	25	0.8	/media/arne/WIN/ML/data/corpora/SICK/process_sentence3_blanked_new/SICK_cmAGGREGATE_onehotdep	100	0	370	2	0	0.003	TreeEmbedding_FLAT_AVG_2levels	0.855665	0.839218	restoreFALSE_batchs100_clip5.0_singleFALSE_testfilei2_ext_keepprob0.8_leaffc370_learningr0.003_lextrainFALSE_optADAMOPTIMIZER_rootfc0_smSIMCOSINE_state0_dataPROCESSSENTENCE3BLANKEDNEWSICKCMAGGREGATEONEHOTDEP_teTREEEMBEDDINGFLATAVG2LEVELS/6
6	5	AdamOptimizer	25	0.8	/media/arne/WIN/ML/data/corpora/SICK/process_sentence3_blanked_new/SICK_cmAGGREGATE_onehotdep	100	0	370	3	0	0.003	TreeEmbedding_FLAT_AVG_2levels	0.833073	0.835726	restoreFALSE_batchs100_clip5.0_singleFALSE_testfilei3_ext_keepprob0.8_leaffc370_learningr0.003_lextrainFALSE_optADAMOPTIMIZER_rootfc0_smSIMCOSINE_state0_dataPROCESSSENTENCE3BLANKEDNEWSICKCMAGGREGATEONEHOTDEP_teTREEEMBEDDINGFLATAVG2LEVELS/6
6	5	AdamOptimizer	25	0.8	/media/arne/WIN/ML/data/corpora/SICK/process_sentence3_blanked_new/SICK_cmAGGREGATE_onehotdep	100	0	370	4	0	0.003	TreeEmbedding_FLAT_AVG_2levels	0.866818	0.837932	restoreFALSE_batchs100_clip5.0_singleFALSE_testfilei4_ext_keepprob0.8_leaffc370_learningr0.003_lextrainFALSE_optADAMOPTIMIZER_rootfc0_smSIMCOSINE_state0_dataPROCESSSENTENCE3BLANKEDNEWSICKCMAGGREGATEONEHOTDEP_teTREEEMBEDDINGFLATAVG2LEVELS/6
7	5	AdamOptimizer	25	0.8	/media/arne/WIN/ML/data/corpora/SICK/process_sentence3_blanked_new/SICK_cmAGGREGATE_onehotdep	100	0	370	0	0	0.003	TreeEmbedding_FLAT_AVG_2levels	0.846333	0.838028	restoreFALSE_batchs100_clip5.0_singleFALSE_testfilei0_ext_keepprob0.8_leaffc370_learningr0.003_lextrainFALSE_optADAMOPTIMIZER_rootfc0_smSIMCOSINE_state0_dataPROCESSSENTENCE3BLANKEDNEWSICKCMAGGREGATEONEHOTDEP_teTREEEMBEDDINGFLATAVG2LEVELS/7
7	5	AdamOptimizer	25	0.8	/media/arne/WIN/ML/data/corpora/SICK/process_sentence3_blanked_new/SICK_cmAGGREGATE_onehotdep	100	0	370	1	0	0.003	TreeEmbedding_FLAT_AVG_2levels	0.834447	0.839844	restoreFALSE_batchs100_clip5.0_singleFALSE_testfilei1_ext_keepprob0.8_leaffc370_learningr0.003_lextrainFALSE_optADAMOPTIMIZER_rootfc0_smSIMCOSINE_state0_dataPROCESSSENTENCE3BLANKEDNEWSICKCMAGGREGATEONEHOTDEP_teTREEEMBEDDINGFLATAVG2LEVELS/7
7	5	AdamOptimizer	25	0.8	/media/arne/WIN/ML/data/corpora/SICK/process_sentence3_blanked_new/SICK_cmAGGREGATE_onehotdep	100	0	370	2	0	0.003	TreeEmbedding_FLAT_AVG_2levels	0.855733	0.837932	restoreFALSE_batchs100_clip5.0_singleFALSE_testfilei2_ext_keepprob0.8_leaffc370_learningr0.003_lextrainFALSE_optADAMOPTIMIZER_rootfc0_smSIMCOSINE_state0_dataPROCESSSENTENCE3BLANKEDNEWSICKCMAGGREGATEONEHOTDEP_teTREEEMBEDDINGFLATAVG2LEVELS/7
7	5	AdamOptimizer	25	0.8	/media/arne/WIN/ML/data/corpora/SICK/process_sentence3_blanked_new/SICK_cmAGGREGATE_onehotdep	100	0	370	3	0	0.003	TreeEmbedding_FLAT_AVG_2levels	0.829912	0.837821	restoreFALSE_batchs100_clip5.0_singleFALSE_testfilei3_ext_keepprob0.8_leaffc370_learningr0.003_lextrainFALSE_optADAMOPTIMIZER_rootfc0_smSIMCOSINE_state0_dataPROCESSSENTENCE3BLANKEDNEWSICKCMAGGREGATEONEHOTDEP_teTREEEMBEDDINGFLATAVG2LEVELS/7
7	5	AdamOptimizer	25	0.8	/media/arne/WIN/ML/data/corpora/SICK/process_sentence3_blanked_new/SICK_cmAGGREGATE_onehotdep	100	0	370	4	0	0.003	TreeEmbedding_FLAT_AVG_2levels	0.86806	0.836198	restoreFALSE_batchs100_clip5.0_singleFALSE_testfilei4_ext_keepprob0.8_leaffc370_learningr0.003_lextrainFALSE_optADAMOPTIMIZER_rootfc0_smSIMCOSINE_state0_dataPROCESSSENTENCE3BLANKEDNEWSICKCMAGGREGATEONEHOTDEP_teTREEEMBEDDINGFLATAVG2LEVELS/7
8	5	AdamOptimizer	25	0.8	/media/arne/WIN/ML/data/corpora/SICK/process_sentence3_blanked_new/SICK_cmAGGREGATE_onehotdep	100	0	370	0	0	0.003	TreeEmbedding_FLAT_AVG_2levels	0.844847	0.838034	restoreFALSE_batchs100_clip5.0_singleFALSE_testfilei0_ext_keepprob0.8_leaffc370_learningr0.003_lextrainFALSE_optADAMOPTIMIZER_rootfc0_smSIMCOSINE_state0_dataPROCESSSENTENCE3BLANKEDNEWSICKCMAGGREGATEONEHOTDEP_teTREEEMBEDDINGFLATAVG2LEVELS/8
8	5	AdamOptimizer	25	0.8	/media/arne/WIN/ML/data/corpora/SICK/process_sentence3_blanked_new/SICK_cmAGGREGATE_onehotdep	100	0	370	1	0	0.003	TreeEmbedding_FLAT_AVG_2levels	0.834294	0.839159	restoreFALSE_batchs100_clip5.0_singleFALSE_testfilei1_ext_keepprob0.8_leaffc370_learningr0.003_lextrainFALSE_optADAMOPTIMIZER_rootfc0_smSIMCOSINE_state0_dataPROCESSSENTENCE3BLANKEDNEWSICKCMAGGREGATEONEHOTDEP_teTREEEMBEDDINGFLATAVG2LEVELS/8
8	5	AdamOptimizer	25	0.8	/media/arne/WIN/ML/data/corpora/SICK/process_sentence3_blanked_new/SICK_cmAGGREGATE_onehotdep	100	0	370	2	0	0.003	TreeEmbedding_FLAT_AVG_2levels	0.857255	0.839382	restoreFALSE_batchs100_clip5.0_singleFALSE_testfilei2_ext_keepprob0.8_leaffc370_learningr0.003_lextrainFALSE_optADAMOPTIMIZER_rootfc0_smSIMCOSINE_state0_dataPROCESSSENTENCE3BLANKEDNEWSICKCMAGGREGATEONEHOTDEP_teTREEEMBEDDINGFLATAVG2LEVELS/8
8	5	AdamOptimizer	25	0.8	/media/arne/WIN/ML/data/corpora/SICK/process_sentence3_blanked_new/SICK_cmAGGREGATE_onehotdep	100	0	370	3	0	0.003	TreeEmbedding_FLAT_AVG_2levels	0.831967	0.836521	restoreFALSE_batchs100_clip5.0_singleFALSE_testfilei3_ext_keepprob0.8_leaffc370_learningr0.003_lextrainFALSE_optADAMOPTIMIZER_rootfc0_smSIMCOSINE_state0_dataPROCESSSENTENCE3BLANKEDNEWSICKCMAGGREGATEONEHOTDEP_teTREEEMBEDDINGFLATAVG2LEVELS/8
8	5	AdamOptimizer	25	0.8	/media/arne/WIN/ML/data/corpora/SICK/process_sentence3_blanked_new/SICK_cmAGGREGATE_onehotdep	100	0	370	4	0	0.003	TreeEmbedding_FLAT_AVG_2levels	0.865493	0.839243	restoreFALSE_batchs100_clip5.0_singleFALSE_testfilei4_ext_keepprob0.8_leaffc370_learningr0.003_lextrainFALSE_optADAMOPTIMIZER_rootfc0_smSIMCOSINE_state0_dataPROCESSSENTENCE3BLANKEDNEWSICKCMAGGREGATEONEHOTDEP_teTREEEMBEDDINGFLATAVG2LEVELS/8
9	5	AdamOptimizer	25	0.8	/media/arne/WIN/ML/data/corpora/SICK/process_sentence3_blanked_new/SICK_cmAGGREGATE_onehotdep	100	0	370	0	0	0.003	TreeEmbedding_FLAT_AVG_2levels	0.844142	0.839721	restoreFALSE_batchs100_clip5.0_singleFALSE_testfilei0_ext_keepprob0.8_leaffc370_learningr0.003_lextrainFALSE_optADAMOPTIMIZER_rootfc0_smSIMCOSINE_state0_dataPROCESSSENTENCE3BLANKEDNEWSICKCMAGGREGATEONEHOTDEP_teTREEEMBEDDINGFLATAVG2LEVELS/9
9	5	AdamOptimizer	25	0.8	/media/arne/WIN/ML/data/corpora/SICK/process_sentence3_blanked_new/SICK_cmAGGREGATE_onehotdep	100	0	370	1	0	0.003	TreeEmbedding_FLAT_AVG_2levels	0.835212	0.841511	restoreFALSE_batchs100_clip5.0_singleFALSE_testfilei1_ext_keepprob0.8_leaffc370_learningr0.003_lextrainFALSE_optADAMOPTIMIZER_rootfc0_smSIMCOSINE_state0_dataPROCESSSENTENCE3BLANKEDNEWSICKCMAGGREGATEONEHOTDEP_teTREEEMBEDDINGFLATAVG2LEVELS/9
9	5	AdamOptimizer	25	0.8	/media/arne/WIN/ML/data/corpora/SICK/process_sentence3_blanked_new/SICK_cmAGGREGATE_onehotdep	100	0	370	2	0	0.003	TreeEmbedding_FLAT_AVG_2levels	0.857859	0.840664	restoreFALSE_batchs100_clip5.0_singleFALSE_testfilei2_ext_keepprob0.8_leaffc370_learningr0.003_lextrainFALSE_optADAMOPTIMIZER_rootfc0_smSIMCOSINE_state0_dataPROCESSSENTENCE3BLANKEDNEWSICKCMAGGREGATEONEHOTDEP_teTREEEMBEDDINGFLATAVG2LEVELS/9
9	5	AdamOptimizer	25	0.8	/media/arne/WIN/ML/data/corpora/SICK/process_sentence3_blanked_new/SICK_cmAGGREGATE_onehotdep	100	0	370	3	0	0.003	TreeEmbedding_FLAT_AVG_2levels	0.833651	0.837867	restoreFALSE_batchs100_clip5.0_singleFALSE_testfilei3_ext_keepprob0.8_leaffc370_learningr0.003_lextrainFALSE_optADAMOPTIMIZER_rootfc0_smSIMCOSINE_state0_dataPROCESSSENTENCE3BLANKEDNEWSICKCMAGGREGATEONEHOTDEP_teTREEEMBEDDINGFLATAVG2LEVELS/9
9	5	AdamOptimizer	25	0.8	/media/arne/WIN/ML/data/corpora/SICK/process_sentence3_blanked_new/SICK_cmAGGREGATE_onehotdep	100	0	370	4	0	0.003	TreeEmbedding_FLAT_AVG_2levels	0.867716	0.837321	restoreFALSE_batchs100_clip5.0_singleFALSE_testfilei4_ext_keepprob0.8_leaffc370_learningr0.003_lextrainFALSE_optADAMOPTIMIZER_rootfc0_smSIMCOSINE_state0_dataPROCESSSENTENCE3BLANKEDNEWSICKCMAGGREGATEONEHOTDEP_teTREEEMBEDDINGFLATAVG2LEVELS/9
